1886,2298335,"Command 'cd C:\Users\wessonmo\Documents\Github\dem2json && node dem2json.js ""E:\CSGO Demos\unzipped\1886\2298335\458_team-liquid-virtus-pro_de_mirage.dem"" > ""E:\CSGO Demos\json\1886\2298335\2298335-0.json""' returned non-zero exit status 1"
1886,2298335,"Command 'cd C:\Users\wessonmo\Documents\Github\dem2json && node dem2json.js ""E:\CSGO Demos\unzipped\1886\2298335\a1.dem"" > ""E:\CSGO Demos\json\1886\2298335\2298335-1.json""' returned non-zero exit status 1"
1886,2298335,"Command 'cd C:\Users\wessonmo\Documents\Github\dem2json && node dem2json.js ""E:\CSGO Demos\unzipped\1886\2298335\a2.dem"" > ""E:\CSGO Demos\json\1886\2298335\2298335-2.json""' returned non-zero exit status 1"
1886,2298336,"Command 'cd C:\Users\wessonmo\Documents\Github\dem2json && node dem2json.js ""E:\CSGO Demos\unzipped\1886\2298336\459_team-solomid-fnatic_de_inferno.dem"" > ""E:\CSGO Demos\json\1886\2298336\2298336-0.json""' returned non-zero exit status 1"
1886,2298336,"Command 'cd C:\Users\wessonmo\Documents\Github\dem2json && node dem2json.js ""E:\CSGO Demos\unzipped\1886\2298336\460_fnatic-team-solomid_de_dust2.dem"" > ""E:\CSGO Demos\json\1886\2298336\2298336-1.json""' returned non-zero exit status 1"
1886,2298392,"Command 'cd C:\Users\wessonmo\Documents\Github\dem2json && node dem2json.js ""E:\CSGO Demos\unzipped\1886\2298392\464_team-liquid-fnatic_de_cbble.dem"" > ""E:\CSGO Demos\json\1886\2298392\2298392-0.json""' returned non-zero exit status 1"
1886,2298392,"Command 'cd C:\Users\wessonmo\Documents\Github\dem2json && node dem2json.js ""E:\CSGO Demos\unzipped\1886\2298392\465_team-liquid-fnatic_de_overpass.dem"" > ""E:\CSGO Demos\json\1886\2298392\2298392-1.json""' returned non-zero exit status 1"
1886,2298392,"Command 'cd C:\Users\wessonmo\Documents\Github\dem2json && node dem2json.js ""E:\CSGO Demos\unzipped\1886\2298392\470_fnatic-team-liquid_de_cache.dem"" > ""E:\CSGO Demos\json\1886\2298392\2298392-2.json""' returned non-zero exit status 1"
1886,2298392,"Command 'cd C:\Users\wessonmo\Documents\Github\dem2json && node dem2json.js ""E:\CSGO Demos\unzipped\1886\2298392\471_fnatic-team-liquid_de_overpass.dem"" > ""E:\CSGO Demos\json\1886\2298392\2298392-3.json""' returned non-zero exit status 1"
1886,2298393,"Command 'cd C:\Users\wessonmo\Documents\Github\dem2json && node dem2json.js ""E:\CSGO Demos\unzipped\1886\2298393\466_virtus-pro-team-solomid_de_inferno.dem"" > ""E:\CSGO Demos\json\1886\2298393\2298393-0.json""' returned non-zero exit status 1"
1886,2298393,"Command 'cd C:\Users\wessonmo\Documents\Github\dem2json && node dem2json.js ""E:\CSGO Demos\unzipped\1886\2298393\467_team-solomid-virtus-pro_de_train.dem"" > ""E:\CSGO Demos\json\1886\2298393\2298393-1.json""' returned non-zero exit status 1"
1886,2298413,"Command 'cd C:\Users\wessonmo\Documents\Github\dem2json && node dem2json.js ""E:\CSGO Demos\unzipped\1886\2298413\472_fnatic-virtus-pro_de_train.dem"" > ""E:\CSGO Demos\json\1886\2298413\2298413-0.json""' returned non-zero exit status 1"
1886,2298413,"Command 'cd C:\Users\wessonmo\Documents\Github\dem2json && node dem2json.js ""E:\CSGO Demos\unzipped\1886\2298413\473_fnatic-virtus-pro_de_dust2.dem"" > ""E:\CSGO Demos\json\1886\2298413\2298413-1.json""' returned non-zero exit status 1"
1886,2298414,"Command 'cd C:\Users\wessonmo\Documents\Github\dem2json && node dem2json.js ""E:\CSGO Demos\unzipped\1886\2298414\475_team-solomid-virtus-pro_de_train.dem"" > ""E:\CSGO Demos\json\1886\2298414\2298414-0.json""' returned non-zero exit status 1"
1886,2298414,"Command 'cd C:\Users\wessonmo\Documents\Github\dem2json && node dem2json.js ""E:\CSGO Demos\unzipped\1886\2298414\476_virtus-pro-team-solomid_de_overpass.dem"" > ""E:\CSGO Demos\json\1886\2298414\2298414-1.json""' returned non-zero exit status 1"
1886,2298414,"Command 'cd C:\Users\wessonmo\Documents\Github\dem2json && node dem2json.js ""E:\CSGO Demos\unzipped\1886\2298414\479_virtus-pro-team-solomid_de_train.dem"" > ""E:\CSGO Demos\json\1886\2298414\2298414-2.json""' returned non-zero exit status 1"
1977,2300412,"Command 'cd C:\Users\wessonmo\Documents\Github\dem2json && node dem2json.js ""E:\CSGO Demos\unzipped\1977\2300412\33_na-vi-sk-gaming_de_mirage_128.dem"" > ""E:\CSGO Demos\json\1977\2300412\2300412-0.json""' returned non-zero exit status 1"
1977,2300415,"Command 'cd C:\Users\wessonmo\Documents\Github\dem2json && node dem2json.js ""E:\CSGO Demos\unzipped\1977\2300415\36_virtus-pro-mousesports_de_dust2_128.dem"" > ""E:\CSGO Demos\json\1977\2300415\2300415-0.json""' returned non-zero exit status 1"
2027,2301861,"Command 'cd C:\Users\wessonmo\Documents\Github\dem2json && node dem2json.js ""E:\CSGO Demos\unzipped\2027\2301861\MLGColumbus2016-g2-vs-virtuspro-bo3-map1-train.dem"" > ""E:\CSGO Demos\json\2027\2301861\2301861-0.json""' returned non-zero exit status 1"
2034,2301438,"Command 'cd C:\Users\wessonmo\Documents\Github\dem2json && node dem2json.js ""E:\CSGO Demos\unzipped\2034\2301438\9_natus-vincere-flipsid3-tactics_de_overpass_part1.dem"" > ""E:\CSGO Demos\json\2034\2301438\2301438-2.json""' returned non-zero exit status 1"
2034,2301456,"Command 'cd C:\Users\wessonmo\Documents\Github\dem2json && node dem2json.js ""E:\CSGO Demos\unzipped\2034\2301456\20_natus-vincere-astralis_de_train.dem"" > ""E:\CSGO Demos\json\2034\2301456\2301456-0.json""' returned non-zero exit status 1"
2036,2301187,"Command 'cd C:\Users\wessonmo\Documents\Github\dem2json && node dem2json.js ""E:\CSGO Demos\unzipped\2036\2301187\2057_fnatic-luminosity-gaming_de_overpass.dem"" > ""E:\CSGO Demos\json\2036\2301187\2301187-0.json""' returned non-zero exit status 1"
2059,2301745,"Command 'cd C:\Users\wessonmo\Documents\Github\dem2json && node dem2json.js ""E:\CSGO Demos\unzipped\2059\2301745\293_dignitas-e-frag-net_de_overpass.dem"" > ""E:\CSGO Demos\json\2059\2301745\2301745-2.json""' returned non-zero exit status 1"
2071,2301052,"Command 'cd C:\Users\wessonmo\Documents\Github\dem2json && node dem2json.js ""E:\CSGO Demos\unzipped\2071\2301052\535017.dem"" > ""E:\CSGO Demos\json\2071\2301052\2301052-0.json""' returned non-zero exit status 1"
2071,2301085,"Command 'cd C:\Users\wessonmo\Documents\Github\dem2json && node dem2json.js ""E:\CSGO Demos\unzipped\2071\2301085\536609_train.dem"" > ""E:\CSGO Demos\json\2071\2301085\2301085-1.json""' returned non-zero exit status 1"
1886,2298335,"Command 'cd C:\Users\wessonmo\Documents\Github\dem2json && node dem2json.js ""E:\\CSGO Demos\\unzipped\1886\2298335\458_team-liquid-virtus-pro_de_mirage.dem"" > ""E:\CSGO Demos\json\1886\2298335\2298335-0.json""' returned non-zero exit status 1"
1886,2298335,"Command 'cd C:\Users\wessonmo\Documents\Github\dem2json && node dem2json.js ""E:\\CSGO Demos\\unzipped\1886\2298335\a1.dem"" > ""E:\CSGO Demos\json\1886\2298335\2298335-1.json""' returned non-zero exit status 1"
1886,2298335,"Command 'cd C:\Users\wessonmo\Documents\Github\dem2json && node dem2json.js ""E:\\CSGO Demos\\unzipped\1886\2298335\a2.dem"" > ""E:\CSGO Demos\json\1886\2298335\2298335-2.json""' returned non-zero exit status 1"
1886,2298336,"Command 'cd C:\Users\wessonmo\Documents\Github\dem2json && node dem2json.js ""E:\\CSGO Demos\\unzipped\1886\2298336\459_team-solomid-fnatic_de_inferno.dem"" > ""E:\CSGO Demos\json\1886\2298336\2298336-0.json""' returned non-zero exit status 1"
1886,2298336,"Command 'cd C:\Users\wessonmo\Documents\Github\dem2json && node dem2json.js ""E:\\CSGO Demos\\unzipped\1886\2298336\460_fnatic-team-solomid_de_dust2.dem"" > ""E:\CSGO Demos\json\1886\2298336\2298336-1.json""' returned non-zero exit status 1"
1886,2298392,"Command 'cd C:\Users\wessonmo\Documents\Github\dem2json && node dem2json.js ""E:\\CSGO Demos\\unzipped\1886\2298392\464_team-liquid-fnatic_de_cbble.dem"" > ""E:\CSGO Demos\json\1886\2298392\2298392-0.json""' returned non-zero exit status 1"
1886,2298392,"Command 'cd C:\Users\wessonmo\Documents\Github\dem2json && node dem2json.js ""E:\\CSGO Demos\\unzipped\1886\2298392\465_team-liquid-fnatic_de_overpass.dem"" > ""E:\CSGO Demos\json\1886\2298392\2298392-1.json""' returned non-zero exit status 1"
1886,2298392,"Command 'cd C:\Users\wessonmo\Documents\Github\dem2json && node dem2json.js ""E:\\CSGO Demos\\unzipped\1886\2298392\470_fnatic-team-liquid_de_cache.dem"" > ""E:\CSGO Demos\json\1886\2298392\2298392-2.json""' returned non-zero exit status 1"
1886,2298392,"Command 'cd C:\Users\wessonmo\Documents\Github\dem2json && node dem2json.js ""E:\\CSGO Demos\\unzipped\1886\2298392\471_fnatic-team-liquid_de_overpass.dem"" > ""E:\CSGO Demos\json\1886\2298392\2298392-3.json""' returned non-zero exit status 1"
1886,2298393,"Command 'cd C:\Users\wessonmo\Documents\Github\dem2json && node dem2json.js ""E:\\CSGO Demos\\unzipped\1886\2298393\466_virtus-pro-team-solomid_de_inferno.dem"" > ""E:\CSGO Demos\json\1886\2298393\2298393-0.json""' returned non-zero exit status 1"
1886,2298393,"Command 'cd C:\Users\wessonmo\Documents\Github\dem2json && node dem2json.js ""E:\\CSGO Demos\\unzipped\1886\2298393\467_team-solomid-virtus-pro_de_train.dem"" > ""E:\CSGO Demos\json\1886\2298393\2298393-1.json""' returned non-zero exit status 1"
1886,2298413,"Command 'cd C:\Users\wessonmo\Documents\Github\dem2json && node dem2json.js ""E:\\CSGO Demos\\unzipped\1886\2298413\472_fnatic-virtus-pro_de_train.dem"" > ""E:\CSGO Demos\json\1886\2298413\2298413-0.json""' returned non-zero exit status 1"
1886,2298413,"Command 'cd C:\Users\wessonmo\Documents\Github\dem2json && node dem2json.js ""E:\\CSGO Demos\\unzipped\1886\2298413\473_fnatic-virtus-pro_de_dust2.dem"" > ""E:\CSGO Demos\json\1886\2298413\2298413-1.json""' returned non-zero exit status 1"
1886,2298414,"Command 'cd C:\Users\wessonmo\Documents\Github\dem2json && node dem2json.js ""E:\\CSGO Demos\\unzipped\1886\2298414\475_team-solomid-virtus-pro_de_train.dem"" > ""E:\CSGO Demos\json\1886\2298414\2298414-0.json""' returned non-zero exit status 1"
1886,2298414,"Command 'cd C:\Users\wessonmo\Documents\Github\dem2json && node dem2json.js ""E:\\CSGO Demos\\unzipped\1886\2298414\476_virtus-pro-team-solomid_de_overpass.dem"" > ""E:\CSGO Demos\json\1886\2298414\2298414-1.json""' returned non-zero exit status 1"
1886,2298414,"Command 'cd C:\Users\wessonmo\Documents\Github\dem2json && node dem2json.js ""E:\\CSGO Demos\\unzipped\1886\2298414\479_virtus-pro-team-solomid_de_train.dem"" > ""E:\CSGO Demos\json\1886\2298414\2298414-2.json""' returned non-zero exit status 1"
1977,2300412,"Command 'cd C:\Users\wessonmo\Documents\Github\dem2json && node dem2json.js ""E:\\CSGO Demos\\unzipped\1977\2300412\33_na-vi-sk-gaming_de_mirage_128.dem"" > ""E:\CSGO Demos\json\1977\2300412\2300412-0.json""' returned non-zero exit status 1"
1977,2300415,"Command 'cd C:\Users\wessonmo\Documents\Github\dem2json && node dem2json.js ""E:\\CSGO Demos\\unzipped\1977\2300415\36_virtus-pro-mousesports_de_dust2_128.dem"" > ""E:\CSGO Demos\json\1977\2300415\2300415-0.json""' returned non-zero exit status 1"
2027,2301861,"Command 'cd C:\Users\wessonmo\Documents\Github\dem2json && node dem2json.js ""E:\\CSGO Demos\\unzipped\2027\2301861\MLGColumbus2016-g2-vs-virtuspro-bo3-map1-train.dem"" > ""E:\CSGO Demos\json\2027\2301861\2301861-0.json""' returned non-zero exit status 1"
2034,2301438,"Command 'cd C:\Users\wessonmo\Documents\Github\dem2json && node dem2json.js ""E:\\CSGO Demos\\unzipped\2034\2301438\9_natus-vincere-flipsid3-tactics_de_overpass_part1.dem"" > ""E:\CSGO Demos\json\2034\2301438\2301438-2.json""' returned non-zero exit status 1"
2034,2301456,"Command 'cd C:\Users\wessonmo\Documents\Github\dem2json && node dem2json.js ""E:\\CSGO Demos\\unzipped\2034\2301456\20_natus-vincere-astralis_de_train.dem"" > ""E:\CSGO Demos\json\2034\2301456\2301456-0.json""' returned non-zero exit status 1"
2036,2301187,"Command 'cd C:\Users\wessonmo\Documents\Github\dem2json && node dem2json.js ""E:\\CSGO Demos\\unzipped\2036\2301187\2057_fnatic-luminosity-gaming_de_overpass.dem"" > ""E:\CSGO Demos\json\2036\2301187\2301187-0.json""' returned non-zero exit status 1"
2059,2301745,"Command 'cd C:\Users\wessonmo\Documents\Github\dem2json && node dem2json.js ""E:\\CSGO Demos\\unzipped\2059\2301745\293_dignitas-e-frag-net_de_overpass.dem"" > ""E:\CSGO Demos\json\2059\2301745\2301745-2.json""' returned non-zero exit status 1"
2071,2301052,"Command 'cd C:\Users\wessonmo\Documents\Github\dem2json && node dem2json.js ""E:\\CSGO Demos\\unzipped\2071\2301052\535017.dem"" > ""E:\CSGO Demos\json\2071\2301052\2301052-0.json""' returned non-zero exit status 1"
2071,2301085,"Command 'cd C:\Users\wessonmo\Documents\Github\dem2json && node dem2json.js ""E:\\CSGO Demos\\unzipped\2071\2301085\536609_train.dem"" > ""E:\CSGO Demos\json\2071\2301085\2301085-1.json""' returned non-zero exit status 1"
2130,2302619,"Command 'cd C:\Users\wessonmo\Documents\Github\dem2json && node dem2json.js ""E:\\CSGO Demos\\unzipped\2130\2302619\esl-teamliquid-cloud9-de_dust2-1286263.dem"" > ""E:\CSGO Demos\json\2130\2302619\2302619-2.json""' returned non-zero exit status 1"
2135,2302766,"Command 'cd C:\Users\wessonmo\Documents\Github\dem2json && node dem2json.js ""E:\\CSGO Demos\\unzipped\2135\2302766\ELEAGUESeason1-luminosity-vs-renegades-cobblestone.dem"" > ""E:\CSGO Demos\json\2135\2302766\2302766-0.json""' returned non-zero exit status 1"
2135,2302790,"Command 'cd C:\Users\wessonmo\Documents\Github\dem2json && node dem2json.js ""E:\\CSGO Demos\\unzipped\2135\2302790\ELEAGUESeason1-cloud9-vs-luminosity-dust2.dem"" > ""E:\CSGO Demos\json\2135\2302790\2302790-0.json""' returned non-zero exit status 1"
2135,2302983,"Command 'cd C:\Users\wessonmo\Documents\Github\dem2json && node dem2json.js ""E:\\CSGO Demos\\unzipped\2135\2302983\ELEAGUESeason1-sk-vs-nrg-nuke.dem"" > ""E:\CSGO Demos\json\2135\2302983\2302983-0.json""' returned non-zero exit status 1"
2135,2303253,"Command 'cd C:\Users\wessonmo\Documents\Github\dem2json && node dem2json.js ""E:\\CSGO Demos\\unzipped\2135\2303253\ELEAGUESeason1-envyus-vs-virtuspro-cache.dem"" > ""E:\CSGO Demos\json\2135\2303253\2303253-0.json""' returned non-zero exit status 1"
2135,2303524,"Command 'cd C:\Users\wessonmo\Documents\Github\dem2json && node dem2json.js ""E:\\CSGO Demos\\unzipped\2135\2303524\ELEAGUESeason1-natusvincere-vs-cloud9-map3-cobblestone.dem"" > ""E:\CSGO Demos\json\2135\2303524\2303524-2.json""' returned non-zero exit status 1"
2150,2302433,"Command 'cd C:\Users\wessonmo\Documents\Github\dem2json && node dem2json.js ""E:\\CSGO Demos\\unzipped\2150\2302433\592214-CEVOS9Finals-Virtuspro-vs-Splyce-cobblestone.dem"" > ""E:\CSGO Demos\json\2150\2302433\2302433-1.json""' returned non-zero exit status 1"
2150,2302460,"Command 'cd C:\Users\wessonmo\Documents\Github\dem2json && node dem2json.js ""E:\\CSGO Demos\\unzipped\2150\2302460\594973-CEVOS9Finals-TempoStorm-vs-Virtuspro-inferno.dem"" > ""E:\CSGO Demos\json\2150\2302460\2302460-2.json""' returned non-zero exit status 1"
2150,2302461,"Command 'cd C:\Users\wessonmo\Documents\Github\dem2json && node dem2json.js ""E:\\CSGO Demos\\unzipped\2150\2302461\594817-CEVOS9Finals-HellRaisers-vs-SK-overpass.dem"" > ""E:\CSGO Demos\json\2150\2302461\2302461-1.json""' returned non-zero exit status 1"
2285,2304444,"Command 'cd C:\Users\wessonmo\Documents\Github\dem2json && node dem2json.js ""E:\\CSGO Demos\\unzipped\2285\2304444\32_cloud-9-clg_de_mirage.dem"" > ""E:\CSGO Demos\json\2285\2304444\2304444-0.json""' returned non-zero exit status 1"
2285,2304445,"Command 'cd C:\Users\wessonmo\Documents\Github\dem2json && node dem2json.js ""E:\\CSGO Demos\\unzipped\2285\2304445\38_complexity-echo-fox_de_cache.dem"" > ""E:\CSGO Demos\json\2285\2304445\2304445-0.json""' returned non-zero exit status 1"
2285,2304446,"Command 'cd C:\Users\wessonmo\Documents\Github\dem2json && node dem2json.js ""E:\\CSGO Demos\\unzipped\2285\2304446\31_selfless-immortals_de_overpass.dem"" > ""E:\CSGO Demos\json\2285\2304446\2304446-0.json""' returned non-zero exit status 1"
2285,2304447,"Command 'cd C:\Users\wessonmo\Documents\Github\dem2json && node dem2json.js ""E:\\CSGO Demos\\unzipped\2285\2304447\41_cloud-9-heroic_de_overpass.dem"" > ""E:\CSGO Demos\json\2285\2304447\2304447-0.json""' returned non-zero exit status 1"
2286,2306587,"Command 'cd C:\Users\wessonmo\Documents\Github\dem2json && node dem2json.js ""E:\\CSGO Demos\\unzipped\2286\2306587\NorthernArena2016-Montreal-complexity-vs-liquid-map2-nuke.dem"" > ""E:\CSGO Demos\json\2286\2306587\2306587-1.json""' returned non-zero exit status 1"
2286,2306588,"Command 'cd C:\Users\wessonmo\Documents\Github\dem2json && node dem2json.js ""E:\\CSGO Demos\\unzipped\2286\2306588\NorthernArena2016-Montreal-clg-vs-nrg-map1-overpass.dem"" > ""E:\CSGO Demos\json\2286\2306588\2306588-0.json""' returned non-zero exit status 1"
2286,2306588,"Command 'cd C:\Users\wessonmo\Documents\Github\dem2json && node dem2json.js ""E:\\CSGO Demos\\unzipped\2286\2306588\NorthernArena2016-Montreal-clg-vs-nrg-map2-dust2.dem"" > ""E:\CSGO Demos\json\2286\2306588\2306588-1.json""' returned non-zero exit status 1"
2286,2306589,"Command 'cd C:\Users\wessonmo\Documents\Github\dem2json && node dem2json.js ""E:\\CSGO Demos\\unzipped\2286\2306589\NorthernArena2016-Montreal-g2-vs-heroic-nuke.dem"" > ""E:\CSGO Demos\json\2286\2306589\2306589-0.json""' returned non-zero exit status 1"
2286,2306596,"Command 'cd C:\Users\wessonmo\Documents\Github\dem2json && node dem2json.js ""E:\\CSGO Demos\\unzipped\2286\2306596\NorthernArena2016-Montreal-nrg-vs-optic-map1-dust2.dem"" > ""E:\CSGO Demos\json\2286\2306596\2306596-0.json""' returned non-zero exit status 1"
2286,2306596,"Command 'cd C:\Users\wessonmo\Documents\Github\dem2json && node dem2json.js ""E:\\CSGO Demos\\unzipped\2286\2306596\NorthernArena2016-Montreal-nrg-vs-optic-map2-cobblestone.dem"" > ""E:\CSGO Demos\json\2286\2306596\2306596-1.json""' returned non-zero exit status 1"
2286,2306605,"Command 'cd C:\Users\wessonmo\Documents\Github\dem2json && node dem2json.js ""E:\\CSGO Demos\\unzipped\2286\2306605\NorthernArena2016-Montreal-envyus-vs-g2-map2-nuke.dem"" > ""E:\CSGO Demos\json\2286\2306605\2306605-1.json""' returned non-zero exit status 1"
2286,2306606,"Command 'cd C:\Users\wessonmo\Documents\Github\dem2json && node dem2json.js ""E:\\CSGO Demos\\unzipped\2286\2306606\NorthernArena2016-Montreal-heroic-vs-optic-map2-mirage.dem"" > ""E:\CSGO Demos\json\2286\2306606\2306606-1.json""' returned non-zero exit status 1"
2286,2306620,"Command 'cd C:\Users\wessonmo\Documents\Github\dem2json && node dem2json.js ""E:\\CSGO Demos\\unzipped\2286\2306620\NorthernArena2016-Montreal-g2-vs-optic-map2-dust2.dem"" > ""E:\CSGO Demos\json\2286\2306620\2306620-1.json""' returned non-zero exit status 1"
2286,2306620,"Command 'cd C:\Users\wessonmo\Documents\Github\dem2json && node dem2json.js ""E:\\CSGO Demos\\unzipped\2286\2306620\NorthernArena2016-Montreal-g2-vs-optic-map3-train.dem"" > ""E:\CSGO Demos\json\2286\2306620\2306620-2.json""' returned non-zero exit status 1"
2314,2303742,"Command 'cd C:\Users\wessonmo\Documents\Github\dem2json && node dem2json.js ""E:\\CSGO Demos\\unzipped\2314\2303742\7_lgr-escape-gaming_de_cbble.dem"" > ""E:\CSGO Demos\json\2314\2303742\2303742-0.json""' returned non-zero exit status 1"
2314,2303743,"Command 'cd C:\Users\wessonmo\Documents\Github\dem2json && node dem2json.js ""E:\\CSGO Demos\\unzipped\2314\2303743\8_millenium-escape-gaming_de_mirage.dem"" > ""E:\CSGO Demos\json\2314\2303743\2303743-0.json""' returned non-zero exit status 1"
2314,2303745,"Command 'cd C:\Users\wessonmo\Documents\Github\dem2json && node dem2json.js ""E:\\CSGO Demos\\unzipped\2314\2303745\10_escape-gaming-epsilon_de_dust2.dem"" > ""E:\CSGO Demos\json\2314\2303745\2303745-0.json""' returned non-zero exit status 1"
2314,2303752,"Command 'cd C:\Users\wessonmo\Documents\Github\dem2json && node dem2json.js ""E:\\CSGO Demos\\unzipped\2314\2303752\21_epsilon-ence-asusrog_de_nuke.dem"" > ""E:\CSGO Demos\json\2314\2303752\2303752-0.json""' returned non-zero exit status 1"
2314,2303752,"Command 'cd C:\Users\wessonmo\Documents\Github\dem2json && node dem2json.js ""E:\\CSGO Demos\\unzipped\2314\2303752\24_epsilon-ence-asusrog_de_dust2.dem"" > ""E:\CSGO Demos\json\2314\2303752\2303752-2.json""' returned non-zero exit status 1"
2319,2303552,"Command 'cd C:\Users\wessonmo\Documents\Github\dem2json && node dem2json.js ""E:\\CSGO Demos\\unzipped\2319\2303552\20160722095714d57943_de_cache.dem"" > ""E:\CSGO Demos\json\2319\2303552\2303552-0.json""' returned non-zero exit status 1"
2319,2303565,"Command 'cd C:\Users\wessonmo\Documents\Github\dem2json && node dem2json.js ""E:\\CSGO Demos\\unzipped\2319\2303565\20160722164903d60721_de_mirage.dem"" > ""E:\CSGO Demos\json\2319\2303565\2303565-0.json""' returned non-zero exit status 1"
2340,2306104,"Command 'cd C:\Users\wessonmo\Documents\Github\dem2json && node dem2json.js ""E:\\CSGO Demos\\unzipped\2340\2306104\5_GODSENT-Academy_vs_Gambit-Gaming_de_overpass_set1.dem"" > ""E:\CSGO Demos\json\2340\2306104\2306104-0.json""' returned non-zero exit status 1"
2340,2306108,"Command 'cd C:\Users\wessonmo\Documents\Github\dem2json && node dem2json.js ""E:\\CSGO Demos\\unzipped\2340\2306108\9_Team-Kinguin_vs_Sectorone_de_cbble_set1.dem"" > ""E:\CSGO Demos\json\2340\2306108\2306108-0.json""' returned non-zero exit status 1"
2340,2306114,"Command 'cd C:\Users\wessonmo\Documents\Github\dem2json && node dem2json.js ""E:\\CSGO Demos\\unzipped\2340\2306114\15_Luminosity_vs_Platinium-Esport_de_mirage_set1.dem"" > ""E:\CSGO Demos\json\2340\2306114\2306114-0.json""' returned non-zero exit status 1"
2340,2306185,"Command 'cd C:\Users\wessonmo\Documents\Github\dem2json && node dem2json.js ""E:\\CSGO Demos\\unzipped\2340\2306185\51_Team-Five_vs_For-the-Win_de_cache_set1.dem"" > ""E:\CSGO Demos\json\2340\2306185\2306185-0.json""' returned non-zero exit status 1"
2340,2306185,"Command 'cd C:\Users\wessonmo\Documents\Github\dem2json && node dem2json.js ""E:\\CSGO Demos\\unzipped\2340\2306185\53_Team-Five_vs_For-the-Win_de_dust2_set1.dem"" > ""E:\CSGO Demos\json\2340\2306185\2306185-2.json""' returned non-zero exit status 1"
2340,2306189,"Command 'cd C:\Users\wessonmo\Documents\Github\dem2json && node dem2json.js ""E:\\CSGO Demos\\unzipped\2340\2306189\56_Gambit-Gaming_vs_Bpro-Gaming_de_dust2_set1.dem"" > ""E:\CSGO Demos\json\2340\2306189\2306189-0.json""' returned non-zero exit status 1"
2340,2306190,"Command 'cd C:\Users\wessonmo\Documents\Github\dem2json && node dem2json.js ""E:\\CSGO Demos\\unzipped\2340\2306190\45_Bravado-Gaming_vs_Overcome_de_cbble_set1.dem"" > ""E:\CSGO Demos\json\2340\2306190\2306190-0.json""' returned non-zero exit status 1"
2340,2306192,"Command 'cd C:\Users\wessonmo\Documents\Github\dem2json && node dem2json.js ""E:\\CSGO Demos\\unzipped\2340\2306192\58_Red-Instinct_vs_iGame-com_de_dust2_set1.dem"" > ""E:\CSGO Demos\json\2340\2306192\2306192-0.json""' returned non-zero exit status 1"
2340,2306193,"Command 'cd C:\Users\wessonmo\Documents\Github\dem2json && node dem2json.js ""E:\\CSGO Demos\\unzipped\2340\2306193\61_Bravado-Gaming_vs_Team-LDLC_de_dust2_set1.dem"" > ""E:\CSGO Demos\json\2340\2306193\2306193-0.json""' returned non-zero exit status 1"
2340,2306194,"Command 'cd C:\Users\wessonmo\Documents\Github\dem2json && node dem2json.js ""E:\\CSGO Demos\\unzipped\2340\2306194\71_Bpro-Gaming_vs_Norse_de_dust2_set1.dem"" > ""E:\CSGO Demos\json\2340\2306194\2306194-0.json""' returned non-zero exit status 1"
2340,2306194,"Command 'cd C:\Users\wessonmo\Documents\Github\dem2json && node dem2json.js ""E:\\CSGO Demos\\unzipped\2340\2306194\72_Norse_vs_Bpro-Gaming_de_mirage_set1.dem"" > ""E:\CSGO Demos\json\2340\2306194\2306194-1.json""' returned non-zero exit status 1"
2340,2306195,"Command 'cd C:\Users\wessonmo\Documents\Github\dem2json && node dem2json.js ""E:\\CSGO Demos\\unzipped\2340\2306195\68_Tricked-eSport_vs_Team-Five_de_nuke_set1.dem"" > ""E:\CSGO Demos\json\2340\2306195\2306195-1.json""' returned non-zero exit status 1"
2367,2307056,"Command 'cd C:\Users\wessonmo\Documents\Github\dem2json && node dem2json.js ""E:\\CSGO Demos\\unzipped\2367\2307056\ECSSeason2Finals-astralis-vs-optic-dust2-part1.dem"" > ""E:\CSGO Demos\json\2367\2307056\2307056-0.json""' returned non-zero exit status 1"
2411,2304952,"Command 'cd C:\Users\wessonmo\Documents\Github\dem2json && node dem2json.js ""E:\\CSGO Demos\\unzipped\2411\2304952\b5match_108821_mirage.dem"" > ""E:\CSGO Demos\json\2411\2304952\2304952-0.json""' returned non-zero exit status 1"
2411,2304986,"Command 'cd C:\Users\wessonmo\Documents\Github\dem2json && node dem2json.js ""E:\\CSGO Demos\\unzipped\2411\2304986\b5match_109159_mirage.dem"" > ""E:\CSGO Demos\json\2411\2304986\2304986-0.json""' returned non-zero exit status 1"
2431,2306392,"Command 'cd C:\Users\wessonmo\Documents\Github\dem2json && node dem2json.js ""E:\\CSGO Demos\\unzipped\2431\2306392\17_divizon-rogue_de_mirage.dem"" > ""E:\CSGO Demos\json\2431\2306392\2306392-1.json""' returned non-zero exit status 1"
2431,2306393,"Command 'cd C:\Users\wessonmo\Documents\Github\dem2json && node dem2json.js ""E:\\CSGO Demos\\unzipped\2431\2306393\22_penta-sports-millenium_de_cache.dem"" > ""E:\CSGO Demos\json\2431\2306393\2306393-1.json""' returned non-zero exit status 1"
2431,2306409,"Command 'cd C:\Users\wessonmo\Documents\Github\dem2json && node dem2json.js ""E:\\CSGO Demos\\unzipped\2431\2306409\27_kinguin-euronics_de_overpass_part2.dem"" > ""E:\CSGO Demos\json\2431\2306409\2306409-1.json""' returned non-zero exit status 1"
2431,2306409,"Command 'cd C:\Users\wessonmo\Documents\Github\dem2json && node dem2json.js ""E:\\CSGO Demos\\unzipped\2431\2306409\28_euronics-kinguin_de_cbble.dem"" > ""E:\CSGO Demos\json\2431\2306409\2306409-2.json""' returned non-zero exit status 1"
2431,2306416,"Command 'cd C:\Users\wessonmo\Documents\Github\dem2json && node dem2json.js ""E:\\CSGO Demos\\unzipped\2431\2306416\33_fnatic-academy-divizon_de_cache.dem"" > ""E:\CSGO Demos\json\2431\2306416\2306416-1.json""' returned non-zero exit status 1"
2431,2306416,"Command 'cd C:\Users\wessonmo\Documents\Github\dem2json && node dem2json.js ""E:\\CSGO Demos\\unzipped\2431\2306416\34_fnatic-academy-divizon_de_mirage.dem"" > ""E:\CSGO Demos\json\2431\2306416\2306416-2.json""' returned non-zero exit status 1"
2431,2306449,"Command 'cd C:\Users\wessonmo\Documents\Github\dem2json && node dem2json.js ""E:\\CSGO Demos\\unzipped\2431\2306449\55_kinguin-rogue_de_overpass_incomplete.dem"" > ""E:\CSGO Demos\json\2431\2306449\2306449-2.json""' returned non-zero exit status 1"
2471,2307535,"Command 'cd C:\Users\wessonmo\Documents\Github\dem2json && node dem2json.js ""E:\\CSGO Demos\\unzipped\2471\2307535\mousesports-vs-liquid-nuke.dem"" > ""E:\CSGO Demos\json\2471\2307535\2307535-0.json""' returned non-zero exit status 1"
2482,2305433,"Command 'cd C:\Users\wessonmo\Documents\Github\dem2json && node dem2json.js ""E:\\CSGO Demos\\unzipped\2482\2305433\IeSFWorldChampionship2016-ence-vs-dreamrar-mirage.dem"" > ""E:\CSGO Demos\json\2482\2305433\2305433-0.json""' returned non-zero exit status 1"
2482,2305436,"Command 'cd C:\Users\wessonmo\Documents\Github\dem2json && node dem2json.js ""E:\\CSGO Demos\\unzipped\2482\2305436\IeSFWorldChampionship2016-dankdeaglez-vs-maaischguet-mirage.dem"" > ""E:\CSGO Demos\json\2482\2305436\2305436-0.json""' returned non-zero exit status 1"
2482,2305437,"Command 'cd C:\Users\wessonmo\Documents\Github\dem2json && node dem2json.js ""E:\\CSGO Demos\\unzipped\2482\2305437\IeSFWorldChampionship2016-nexus-vs-tyloo-train.dem"" > ""E:\CSGO Demos\json\2482\2305437\2305437-0.json""' returned non-zero exit status 1"
2482,2305440,"Command 'cd C:\Users\wessonmo\Documents\Github\dem2json && node dem2json.js ""E:\\CSGO Demos\\unzipped\2482\2305440\IeSFWorldChampionship2016-nxl-vs-sabertooth-mirage.dem"" > ""E:\CSGO Demos\json\2482\2305440\2305440-0.json""' returned non-zero exit status 1"
2482,2305442,"Command 'cd C:\Users\wessonmo\Documents\Github\dem2json && node dem2json.js ""E:\\CSGO Demos\\unzipped\2482\2305442\IeSFWorldChampionship2016-ence-vs-mineski-mirage.dem"" > ""E:\CSGO Demos\json\2482\2305442\2305442-0.json""' returned non-zero exit status 1"
2482,2305445,"Command 'cd C:\Users\wessonmo\Documents\Github\dem2json && node dem2json.js ""E:\\CSGO Demos\\unzipped\2482\2305445\IeSFWorldChampionship2016-southafrica-vs-tyloo-mirage.dem"" > ""E:\CSGO Demos\json\2482\2305445\2305445-0.json""' returned non-zero exit status 1"
2482,2305450,"Command 'cd C:\Users\wessonmo\Documents\Github\dem2json && node dem2json.js ""E:\\CSGO Demos\\unzipped\2482\2305450\IeSFWorldChampionship2016-mineski-vs-dreamrar-overpass.dem"" > ""E:\CSGO Demos\json\2482\2305450\2305450-0.json""' returned non-zero exit status 1"
2482,2305453,"Command 'cd C:\Users\wessonmo\Documents\Github\dem2json && node dem2json.js ""E:\\CSGO Demos\\unzipped\2482\2305453\IeSFWorldChampionship2016-southafrica-vs-firenation-cache.dem"" > ""E:\CSGO Demos\json\2482\2305453\2305453-0.json""' returned non-zero exit status 1"
2482,2305455,"Command 'cd C:\Users\wessonmo\Documents\Github\dem2json && node dem2json.js ""E:\\CSGO Demos\\unzipped\2482\2305455\IeSFWorldChampionship2016-maldives-vs-nxl-cobblestone.dem"" > ""E:\CSGO Demos\json\2482\2305455\2305455-0.json""' returned non-zero exit status 1"
2482,2305457,"Command 'cd C:\Users\wessonmo\Documents\Github\dem2json && node dem2json.js ""E:\\CSGO Demos\\unzipped\2482\2305457\IeSFWorldChampionship2016-exaequo-vs-mineski-dust2.dem"" > ""E:\CSGO Demos\json\2482\2305457\2305457-0.json""' returned non-zero exit status 1"
2482,2305459,"Command 'cd C:\Users\wessonmo\Documents\Github\dem2json && node dem2json.js ""E:\\CSGO Demos\\unzipped\2482\2305459\IeSFWorldChampionship2016-esportslabblack-vs-dankdeaglez-mirage.dem"" > ""E:\CSGO Demos\json\2482\2305459\2305459-0.json""' returned non-zero exit status 1"
2482,2305460,"Command 'cd C:\Users\wessonmo\Documents\Github\dem2json && node dem2json.js ""E:\\CSGO Demos\\unzipped\2482\2305460\IeSFWorldChampionship2016-signature-vs-maaischguet-cache.dem"" > ""E:\CSGO Demos\json\2482\2305460\2305460-0.json""' returned non-zero exit status 1"
2482,2305465,"Command 'cd C:\Users\wessonmo\Documents\Github\dem2json && node dem2json.js ""E:\\CSGO Demos\\unzipped\2482\2305465\IeSFWorldChampionship2016-athletico-vs-dreamrar-mirage.dem"" > ""E:\CSGO Demos\json\2482\2305465\2305465-0.json""' returned non-zero exit status 1"
2482,2305466,"Command 'cd C:\Users\wessonmo\Documents\Github\dem2json && node dem2json.js ""E:\\CSGO Demos\\unzipped\2482\2305466\IeSFWorldChampionship2016-esportslabblack-vs-signature-dust2.dem"" > ""E:\CSGO Demos\json\2482\2305466\2305466-0.json""' returned non-zero exit status 1"
2482,2305468,"Command 'cd C:\Users\wessonmo\Documents\Github\dem2json && node dem2json.js ""E:\\CSGO Demos\\unzipped\2482\2305468\IeSFWorldChampionship2016-ination-vs-nxl-train.dem"" > ""E:\CSGO Demos\json\2482\2305468\2305468-0.json""' returned non-zero exit status 1"
2482,2305470,"Command 'cd C:\Users\wessonmo\Documents\Github\dem2json && node dem2json.js ""E:\\CSGO Demos\\unzipped\2482\2305470\IeSFWorldChampionship2016-firenation-vs-tyloo-cobblestone.dem"" > ""E:\CSGO Demos\json\2482\2305470\2305470-0.json""' returned non-zero exit status 1"
2482,2305534,"Command 'cd C:\Users\wessonmo\Documents\Github\dem2json && node dem2json.js ""E:\\CSGO Demos\\unzipped\2482\2305534\IeSFWorldChampionship2016-athletico-vs-tyloo-map2-cache.dem"" > ""E:\CSGO Demos\json\2482\2305534\2305534-1.json""' returned non-zero exit status 1"
2482,2305535,"Command 'cd C:\Users\wessonmo\Documents\Github\dem2json && node dem2json.js ""E:\\CSGO Demos\\unzipped\2482\2305535\IeSFWorldChampionship2016-ence-vs-5frags-map1-mirage.dem"" > ""E:\CSGO Demos\json\2482\2305535\2305535-0.json""' returned non-zero exit status 1"
2482,2305537,"Command 'cd C:\Users\wessonmo\Documents\Github\dem2json && node dem2json.js ""E:\\CSGO Demos\\unzipped\2482\2305537\IeSFWorldChampionship2016-ination-vs-signature-map3-dust2.dem"" > ""E:\CSGO Demos\json\2482\2305537\2305537-2.json""' returned non-zero exit status 1"
2482,2305544,"Command 'cd C:\Users\wessonmo\Documents\Github\dem2json && node dem2json.js ""E:\\CSGO Demos\\unzipped\2482\2305544\IeSFWorldChampionship2016-tyloo-vs-mvpproject-map2-cobblestone.dem"" > ""E:\CSGO Demos\json\2482\2305544\2305544-1.json""' returned non-zero exit status 1"
2532,2306074,"Command 'cd C:\Users\wessonmo\Documents\Github\dem2json && node dem2json.js ""E:\\CSGO Demos\\unzipped\2532\2306074\mixbot_match_1210_overpass.dem"" > ""E:\CSGO Demos\json\2532\2306074\2306074-0.json""' returned non-zero exit status 1"
2532,2306074,"Command 'cd C:\Users\wessonmo\Documents\Github\dem2json && node dem2json.js ""E:\\CSGO Demos\\unzipped\2532\2306074\mixbot_match_1211_train.dem"" > ""E:\CSGO Demos\json\2532\2306074\2306074-1.json""' returned non-zero exit status 1"
2541,2307931,"Command 'cd C:\Users\wessonmo\Documents\Github\dem2json && node dem2json.js ""E:\\CSGO Demos\\unzipped\2541\2307931\nip-vs-cloud9-map3-cache-part1.dem"" > ""E:\CSGO Demos\json\2541\2307931\2307931-2.json""' returned non-zero exit status 1"
2566,2307436,"Command 'cd C:\Users\wessonmo\Documents\Github\dem2json && node dem2json.js ""E:\\CSGO Demos\\unzipped\2566\2307436\ldlc-vs-fnaticacademy-map1-cache.dem"" > ""E:\CSGO Demos\json\2566\2307436\2307436-0.json""' returned non-zero exit status 1"
2569,2311458,"Command 'cd C:\Users\wessonmo\Documents\Github\dem2json && node dem2json.js ""E:\\CSGO Demos\\unzipped\2569\2311458\gambit-vs-clg-overpass.dem"" > ""E:\CSGO Demos\json\2569\2311458\2311458-0.json""' returned non-zero exit status 1"
2571,2312764,"Command 'cd C:\Users\wessonmo\Documents\Github\dem2json && node dem2json.js ""E:\\CSGO Demos\\unzipped\2571\2312764\hellraisers-vs-binary-dragons-cache-part1.dem"" > ""E:\CSGO Demos\json\2571\2312764\2312764-0.json""' returned non-zero exit status 1"
2599,2307090,"Command 'cd C:\Users\wessonmo\Documents\Github\dem2json && node dem2json.js ""E:\\CSGO Demos\\unzipped\2599\2307090\20161210104504d80613_de_mirage.dem"" > ""E:\CSGO Demos\json\2599\2307090\2307090-1.json""' returned non-zero exit status 1"
2599,2307101,"Command 'cd C:\Users\wessonmo\Documents\Github\dem2json && node dem2json.js ""E:\\CSGO Demos\\unzipped\2599\2307101\20161210134552d36281_de_cbble.dem"" > ""E:\CSGO Demos\json\2599\2307101\2307101-0.json""' returned non-zero exit status 1"
2635,2312056,"Command 'cd C:\Users\wessonmo\Documents\Github\dem2json && node dem2json.js ""E:\\CSGO Demos\\unzipped\2635\2312056\mousesports-vs-fnatic-train-part1.dem"" > ""E:\CSGO Demos\json\2635\2312056\2312056-0.json""' returned non-zero exit status 1"
2635,2312056,"Command 'cd C:\Users\wessonmo\Documents\Github\dem2json && node dem2json.js ""E:\\CSGO Demos\\unzipped\2635\2312056\mousesports-vs-fnatic-train-part2.dem"" > ""E:\CSGO Demos\json\2635\2312056\2312056-1.json""' returned non-zero exit status 1"
2635,2312058,"Command 'cd C:\Users\wessonmo\Documents\Github\dem2json && node dem2json.js ""E:\\CSGO Demos\\unzipped\2635\2312058\immortals-vs-virtuspro-cobblestone-part2.dem"" > ""E:\CSGO Demos\json\2635\2312058\2312058-1.json""' returned non-zero exit status 1"
2635,2312061,"Command 'cd C:\Users\wessonmo\Documents\Github\dem2json && node dem2json.js ""E:\\CSGO Demos\\unzipped\2635\2312061\natus-vincere-vs-liquid-inferno-part1.dem"" > ""E:\CSGO Demos\json\2635\2312061\2312061-0.json""' returned non-zero exit status 1"
2635,2312069,"Command 'cd C:\Users\wessonmo\Documents\Github\dem2json && node dem2json.js ""E:\\CSGO Demos\\unzipped\2635\2312069\cloud9-vs-natus-vincere-train-part5.dem"" > ""E:\CSGO Demos\json\2635\2312069\2312069-4.json""' returned non-zero exit status 1"
2641,2309853,"Command 'cd C:\Users\wessonmo\Documents\Github\dem2json && node dem2json.js ""E:\\CSGO Demos\\unzipped\2641\2309853\sk-vs-envyus-map2-mirage-incomplete.dem"" > ""E:\CSGO Demos\json\2641\2309853\2309853-1.json""' returned non-zero exit status 1"
2649,2307644,"Command 'cd C:\Users\wessonmo\Documents\Github\dem2json && node dem2json.js ""E:\\CSGO Demos\\unzipped\2649\2307644\3_vexed-gaming-paranoia-esports_de_mirage.dem"" > ""E:\CSGO Demos\json\2649\2307644\2307644-0.json""' returned non-zero exit status 1"
2649,2307649,"Command 'cd C:\Users\wessonmo\Documents\Github\dem2json && node dem2json.js ""E:\\CSGO Demos\\unzipped\2649\2307649\17_ratsoftheyear-molotovs-and-marshmallows_de_train.dem"" > ""E:\CSGO Demos\json\2649\2307649\2307649-0.json""' returned non-zero exit status 1"
2649,2307652,"Command 'cd C:\Users\wessonmo\Documents\Github\dem2json && node dem2json.js ""E:\\CSGO Demos\\unzipped\2649\2307652\8_dizlown-paranoia-esports_de_cache.dem"" > ""E:\CSGO Demos\json\2649\2307652\2307652-0.json""' returned non-zero exit status 1"
2649,2307654,"Command 'cd C:\Users\wessonmo\Documents\Github\dem2json && node dem2json.js ""E:\\CSGO Demos\\unzipped\2649\2307654\12_platinium-conquer-gaming_de_mirage.dem"" > ""E:\CSGO Demos\json\2649\2307654\2307654-0.json""' returned non-zero exit status 1"
2649,2307654,"Command 'cd C:\Users\wessonmo\Documents\Github\dem2json && node dem2json.js ""E:\\CSGO Demos\\unzipped\2649\2307654\15_platinium-conquer-gaming_de_dust2.dem"" > ""E:\CSGO Demos\json\2649\2307654\2307654-1.json""' returned non-zero exit status 1"
2649,2307657,"Command 'cd C:\Users\wessonmo\Documents\Github\dem2json && node dem2json.js ""E:\\CSGO Demos\\unzipped\2649\2307657\20_team-singularity-skitlite_de_train.dem"" > ""E:\CSGO Demos\json\2649\2307657\2307657-0.json""' returned non-zero exit status 1"
2649,2307658,"Command 'cd C:\Users\wessonmo\Documents\Github\dem2json && node dem2json.js ""E:\\CSGO Demos\\unzipped\2649\2307658\23_lgr-mnm-gaming_de_dust2.dem"" > ""E:\CSGO Demos\json\2649\2307658\2307658-0.json""' returned non-zero exit status 1"
2649,2307659,"Command 'cd C:\Users\wessonmo\Documents\Github\dem2json && node dem2json.js ""E:\\CSGO Demos\\unzipped\2649\2307659\22_ratsoftheyear-rynnkkviikset_de_mirage.dem"" > ""E:\CSGO Demos\json\2649\2307659\2307659-0.json""' returned non-zero exit status 1"
2649,2307661,"Command 'cd C:\Users\wessonmo\Documents\Github\dem2json && node dem2json.js ""E:\\CSGO Demos\\unzipped\2649\2307661\26_ratsoftheyear-lgr_de_train.dem"" > ""E:\CSGO Demos\json\2649\2307661\2307661-0.json""' returned non-zero exit status 1"
2649,2307661,"Command 'cd C:\Users\wessonmo\Documents\Github\dem2json && node dem2json.js ""E:\\CSGO Demos\\unzipped\2649\2307661\28_lgr-ratsoftheyear_de_cache.dem"" > ""E:\CSGO Demos\json\2649\2307661\2307661-1.json""' returned non-zero exit status 1"
2649,2307667,"Command 'cd C:\Users\wessonmo\Documents\Github\dem2json && node dem2json.js ""E:\\CSGO Demos\\unzipped\2649\2307667\47_outlaws-planetkey-dynamics_de_nuke.dem"" > ""E:\CSGO Demos\json\2649\2307667\2307667-1.json""' returned non-zero exit status 1"
2649,2307669,"Command 'cd C:\Users\wessonmo\Documents\Github\dem2json && node dem2json.js ""E:\\CSGO Demos\\unzipped\2649\2307669\7_planetkey-dynamics-dizlown_de_cbble.dem"" > ""E:\CSGO Demos\json\2649\2307669\2307669-0.json""' returned non-zero exit status 1"
2722,2311435,"Command 'cd C:\Users\wessonmo\Documents\Github\dem2json && node dem2json.js ""E:\\CSGO Demos\\unzipped\2722\2311435\luminosity-vs-nrg-map2-train-part1.dem"" > ""E:\CSGO Demos\json\2722\2311435\2311435-1.json""' returned non-zero exit status 1"
2723,2311563,"Command 'cd C:\Users\wessonmo\Documents\Github\dem2json && node dem2json.js ""E:\\CSGO Demos\\unzipped\2723\2311563\penta-vs-envyus-map1-cobblestone-part1.dem"" > ""E:\CSGO Demos\json\2723\2311563\2311563-0.json""' returned non-zero exit status 1"
2753,2309739,"Command 'cd C:\Users\wessonmo\Documents\Github\dem2json && node dem2json.js ""E:\\CSGO Demos\\unzipped\2753\2309739\237_tricked-efuture_de_inferno.dem"" > ""E:\CSGO Demos\json\2753\2309739\2309739-0.json""' returned non-zero exit status 1"
2753,2309757,"Command 'cd C:\Users\wessonmo\Documents\Github\dem2json && node dem2json.js ""E:\\CSGO Demos\\unzipped\2753\2309757\285_nrg-igame-com_de_overpass.dem"" > ""E:\CSGO Demos\json\2753\2309757\2309757-0.json""' returned non-zero exit status 1"
2753,2309770,"Command 'cd C:\Users\wessonmo\Documents\Github\dem2json && node dem2json.js ""E:\\CSGO Demos\\unzipped\2753\2309770\334_epsilon-pride_de_cbble.dem"" > ""E:\CSGO Demos\json\2753\2309770\2309770-0.json""' returned non-zero exit status 1"
2753,2309786,"Command 'cd C:\Users\wessonmo\Documents\Github\dem2json && node dem2json.js ""E:\\CSGO Demos\\unzipped\2753\2309786\408_igame-com-singularity_de_inferno.dem"" > ""E:\CSGO Demos\json\2753\2309786\2309786-1.json""' returned non-zero exit status 1"
2753,2309787,"Command 'cd C:\Users\wessonmo\Documents\Github\dem2json && node dem2json.js ""E:\\CSGO Demos\\unzipped\2753\2309787\412_tricked-nrg_de_inferno.dem"" > ""E:\CSGO Demos\json\2753\2309787\2309787-1.json""' returned non-zero exit status 1"
2753,2309788,"Command 'cd C:\Users\wessonmo\Documents\Github\dem2json && node dem2json.js ""E:\\CSGO Demos\\unzipped\2753\2309788\414_dreamchasers-north-acd_de_mirage.dem"" > ""E:\CSGO Demos\json\2753\2309788\2309788-0.json""' returned non-zero exit status 1"
2753,2309794,"Command 'cd C:\Users\wessonmo\Documents\Github\dem2json && node dem2json.js ""E:\\CSGO Demos\\unzipped\2753\2309794\459_tricked-dreamchasers_de_train.dem"" > ""E:\CSGO Demos\json\2753\2309794\2309794-0.json""' returned non-zero exit status 1"
2753,2309796,"Command 'cd C:\Users\wessonmo\Documents\Github\dem2json && node dem2json.js ""E:\\CSGO Demos\\unzipped\2753\2309796\465_big-singularity_de_cbble.dem"" > ""E:\CSGO Demos\json\2753\2309796\2309796-1.json""' returned non-zero exit status 1"
2777,2311136,"Command 'cd C:\Users\wessonmo\Documents\Github\dem2json && node dem2json.js ""E:\\CSGO Demos\\unzipped\2777\2311136\spacesoldiers-vs-imperial-map1-cache.dem"" > ""E:\CSGO Demos\json\2777\2311136\2311136-0.json""' returned non-zero exit status 1"
2777,2311136,"Command 'cd C:\Users\wessonmo\Documents\Github\dem2json && node dem2json.js ""E:\\CSGO Demos\\unzipped\2777\2311136\spacesoldiers-vs-imperial-map2-overpass.dem"" > ""E:\CSGO Demos\json\2777\2311136\2311136-1.json""' returned non-zero exit status 1"
2777,2311137,"Command 'cd C:\Users\wessonmo\Documents\Github\dem2json && node dem2json.js ""E:\\CSGO Demos\\unzipped\2777\2311137\kinguin-vs-outlaws-map2-train.dem"" > ""E:\CSGO Demos\json\2777\2311137\2311137-1.json""' returned non-zero exit status 1"
2777,2311138,"Command 'cd C:\Users\wessonmo\Documents\Github\dem2json && node dem2json.js ""E:\\CSGO Demos\\unzipped\2777\2311138\fnaticacademy-vs-redreserve-map2-mirage.dem"" > ""E:\CSGO Demos\json\2777\2311138\2311138-1.json""' returned non-zero exit status 1"
2777,2311140,"Command 'cd C:\Users\wessonmo\Documents\Github\dem2json && node dem2json.js ""E:\\CSGO Demos\\unzipped\2777\2311140\kinguin-vs-redreserve-map1-train.dem"" > ""E:\CSGO Demos\json\2777\2311140\2311140-0.json""' returned non-zero exit status 1"
2777,2311141,"Command 'cd C:\Users\wessonmo\Documents\Github\dem2json && node dem2json.js ""E:\\CSGO Demos\\unzipped\2777\2311141\spacesoldiers-vs-redreserve-map2-mirage.dem"" > ""E:\CSGO Demos\json\2777\2311141\2311141-1.json""' returned non-zero exit status 1"
2807,2310443,"Command 'cd C:\Users\wessonmo\Documents\Github\dem2json && node dem2json.js ""E:\\CSGO Demos\\unzipped\2807\2310443\3_ftw-g2a-k1ck_de_mirage.dem"" > ""E:\CSGO Demos\json\2807\2310443\2310443-0.json""' returned non-zero exit status 1"
2807,2310447,"Command 'cd C:\Users\wessonmo\Documents\Github\dem2json && node dem2json.js ""E:\\CSGO Demos\\unzipped\2807\2310447\6_egn-pro-k1ck_de_cbble.dem"" > ""E:\CSGO Demos\json\2807\2310447\2310447-0.json""' returned non-zero exit status 1"
2889,2311680,"Command 'cd C:\Users\wessonmo\Documents\Github\dem2json && node dem2json.js ""E:\\CSGO Demos\\unzipped\2889\2311680\natusvincere-vs-virtuspro-map2-train-part1.dem"" > ""E:\CSGO Demos\json\2889\2311680\2311680-0.json""' returned non-zero exit status 1"
2889,2311680,"Command 'cd C:\Users\wessonmo\Documents\Github\dem2json && node dem2json.js ""E:\\CSGO Demos\\unzipped\2889\2311680\natusvincere-vs-virtuspro-map3-mirage-incomplete.dem"" > ""E:\CSGO Demos\json\2889\2311680\2311680-3.json""' returned non-zero exit status 1"
2684,2313888,"Command 'cd C:\Users\wessonmo\Documents\Github\dem2json && node dem2json.js ""E:\\CSGO Demos\\unzipped\2684\2313888\astralis-vs-renegades-train.dem"" > ""E:\CSGO Demos\json\2684\2313888\2313888-0.json""' returned non-zero exit status 1"
2684,2313890,"Command 'cd C:\Users\wessonmo\Documents\Github\dem2json && node dem2json.js ""E:\\CSGO Demos\\unzipped\2684\2313890\cloud9-vs-north-inferno.dem"" > ""E:\CSGO Demos\json\2684\2313890\2313890-0.json""' returned non-zero exit status 1"
3016,2314491,"Command 'cd C:\Users\wesso\Documents\Github\dem2json && node dem2json.js ""E:\\CSGO Demos\\unzipped\3016\2314491\faze-vs-renegades-mirage.dem"" > ""E:\CSGO Demos\json\3016\2314491\2314491-0.json""' returned non-zero exit status 1"
3016,2314492,"Command 'cd C:\Users\wesso\Documents\Github\dem2json && node dem2json.js ""E:\\CSGO Demos\\unzipped\3016\2314492\g2-vs-natus-vincere-inferno-part1.dem"" > ""E:\CSGO Demos\json\3016\2314492\2314492-0.json""' returned non-zero exit status 1"
3016,2314492,"Command 'cd C:\Users\wesso\Documents\Github\dem2json && node dem2json.js ""E:\\CSGO Demos\\unzipped\3016\2314492\g2-vs-natus-vincere-inferno-part2.dem"" > ""E:\CSGO Demos\json\3016\2314492\2314492-1.json""' returned non-zero exit status 1"
3016,2314493,"Command 'cd C:\Users\wesso\Documents\Github\dem2json && node dem2json.js ""E:\\CSGO Demos\\unzipped\3016\2314493\faze-vs-natus-vincere-inferno.dem"" > ""E:\CSGO Demos\json\3016\2314493\2314493-0.json""' returned non-zero exit status 1"
3016,2314494,"Command 'cd C:\Users\wesso\Documents\Github\dem2json && node dem2json.js ""E:\\CSGO Demos\\unzipped\3016\2314494\renegades-vs-g2-map1-mirage.dem"" > ""E:\CSGO Demos\json\3016\2314494\2314494-0.json""' returned non-zero exit status 1"
3016,2314494,"Command 'cd C:\Users\wesso\Documents\Github\dem2json && node dem2json.js ""E:\\CSGO Demos\\unzipped\3016\2314494\renegades-vs-g2-map2-nuke.dem"" > ""E:\CSGO Demos\json\3016\2314494\2314494-1.json""' returned non-zero exit status 1"
3016,2314495,"Command 'cd C:\Users\wesso\Documents\Github\dem2json && node dem2json.js ""E:\\CSGO Demos\\unzipped\3016\2314495\natus-vincere-vs-g2-map1-cbble.dem"" > ""E:\CSGO Demos\json\3016\2314495\2314495-0.json""' returned non-zero exit status 1"
3016,2314495,"Command 'cd C:\Users\wesso\Documents\Github\dem2json && node dem2json.js ""E:\\CSGO Demos\\unzipped\3016\2314495\natus-vincere-vs-g2-map2-inferno-part1.dem"" > ""E:\CSGO Demos\json\3016\2314495\2314495-1.json""' returned non-zero exit status 1"
3016,2314495,"Command 'cd C:\Users\wesso\Documents\Github\dem2json && node dem2json.js ""E:\\CSGO Demos\\unzipped\3016\2314495\natus-vincere-vs-g2-map2-inferno-part2.dem"" > ""E:\CSGO Demos\json\3016\2314495\2314495-2.json""' returned non-zero exit status 1"
3016,2314496,"Command 'cd C:\Users\wesso\Documents\Github\dem2json && node dem2json.js ""E:\\CSGO Demos\\unzipped\3016\2314496\north-vs-fnatic-mirage.dem"" > ""E:\CSGO Demos\json\3016\2314496\2314496-0.json""' returned non-zero exit status 1"
3016,2314497,"Command 'cd C:\Users\wesso\Documents\Github\dem2json && node dem2json.js ""E:\\CSGO Demos\\unzipped\3016\2314497\mousesports-vs-immortals-cbble-part1.dem"" > ""E:\CSGO Demos\json\3016\2314497\2314497-0.json""' returned non-zero exit status 1"
3016,2314497,"Command 'cd C:\Users\wesso\Documents\Github\dem2json && node dem2json.js ""E:\\CSGO Demos\\unzipped\3016\2314497\mousesports-vs-immortals-cbble-part2.dem"" > ""E:\CSGO Demos\json\3016\2314497\2314497-1.json""' returned non-zero exit status 1"
3016,2314498,"Command 'cd C:\Users\wesso\Documents\Github\dem2json && node dem2json.js ""E:\\CSGO Demos\\unzipped\3016\2314498\immortals-vs-north-cbble-part1.dem"" > ""E:\CSGO Demos\json\3016\2314498\2314498-0.json""' returned non-zero exit status 1"
3016,2314498,"Command 'cd C:\Users\wesso\Documents\Github\dem2json && node dem2json.js ""E:\\CSGO Demos\\unzipped\3016\2314498\immortals-vs-north-cbble-part2.dem"" > ""E:\CSGO Demos\json\3016\2314498\2314498-1.json""' returned non-zero exit status 1"
3016,2314498,"Command 'cd C:\Users\wesso\Documents\Github\dem2json && node dem2json.js ""E:\\CSGO Demos\\unzipped\3016\2314498\immortals-vs-north-cbble-part3.dem"" > ""E:\CSGO Demos\json\3016\2314498\2314498-2.json""' returned non-zero exit status 1"
3016,2314498,"Command 'cd C:\Users\wesso\Documents\Github\dem2json && node dem2json.js ""E:\\CSGO Demos\\unzipped\3016\2314498\immortals-vs-north-cbble-part4.dem"" > ""E:\CSGO Demos\json\3016\2314498\2314498-3.json""' returned non-zero exit status 1"
3016,2314498,"Command 'cd C:\Users\wesso\Documents\Github\dem2json && node dem2json.js ""E:\\CSGO Demos\\unzipped\3016\2314498\immortals-vs-north-cbble-part5.dem"" > ""E:\CSGO Demos\json\3016\2314498\2314498-4.json""' returned non-zero exit status 1"
3016,2314498,"Command 'cd C:\Users\wesso\Documents\Github\dem2json && node dem2json.js ""E:\\CSGO Demos\\unzipped\3016\2314498\immortals-vs-north-cbble-part6.dem"" > ""E:\CSGO Demos\json\3016\2314498\2314498-5.json""' returned non-zero exit status 1"
3016,2314499,"Command 'cd C:\Users\wesso\Documents\Github\dem2json && node dem2json.js ""E:\\CSGO Demos\\unzipped\3016\2314499\mousesports-vs-fnatic-map1-train.dem"" > ""E:\CSGO Demos\json\3016\2314499\2314499-0.json""' returned non-zero exit status 1"
3016,2314499,"Command 'cd C:\Users\wesso\Documents\Github\dem2json && node dem2json.js ""E:\\CSGO Demos\\unzipped\3016\2314499\mousesports-vs-fnatic-map2-mirage.dem"" > ""E:\CSGO Demos\json\3016\2314499\2314499-1.json""' returned non-zero exit status 1"
3016,2314499,"Command 'cd C:\Users\wesso\Documents\Github\dem2json && node dem2json.js ""E:\\CSGO Demos\\unzipped\3016\2314499\mousesports-vs-fnatic-map3-cbble.dem"" > ""E:\CSGO Demos\json\3016\2314499\2314499-2.json""' returned non-zero exit status 1"
3016,2314500,"Command 'cd C:\Users\wesso\Documents\Github\dem2json && node dem2json.js ""E:\\CSGO Demos\\unzipped\3016\2314500\immortals-vs-fnatic-map1-train.dem"" > ""E:\CSGO Demos\json\3016\2314500\2314500-0.json""' returned non-zero exit status 1"
3016,2314500,"Command 'cd C:\Users\wesso\Documents\Github\dem2json && node dem2json.js ""E:\\CSGO Demos\\unzipped\3016\2314500\immortals-vs-fnatic-map2-inferno.dem"" > ""E:\CSGO Demos\json\3016\2314500\2314500-1.json""' returned non-zero exit status 1"
3016,2314501,"Command 'cd C:\Users\wesso\Documents\Github\dem2json && node dem2json.js ""E:\\CSGO Demos\\unzipped\3016\2314501\virtuspro-vs-envyus-cbble.dem"" > ""E:\CSGO Demos\json\3016\2314501\2314501-0.json""' returned non-zero exit status 1"
3016,2314502,"Command 'cd C:\Users\wesso\Documents\Github\dem2json && node dem2json.js ""E:\\CSGO Demos\\unzipped\3016\2314502\cloud9-vs-nip-mirage.dem"" > ""E:\CSGO Demos\json\3016\2314502\2314502-0.json""' returned non-zero exit status 1"
3016,2314503,"Command 'cd C:\Users\wesso\Documents\Github\dem2json && node dem2json.js ""E:\\CSGO Demos\\unzipped\3016\2314503\envyus-vs-cloud9-train.dem"" > ""E:\CSGO Demos\json\3016\2314503\2314503-0.json""' returned non-zero exit status 1"
3016,2314504,"Command 'cd C:\Users\wesso\Documents\Github\dem2json && node dem2json.js ""E:\\CSGO Demos\\unzipped\3016\2314504\virtuspro-vs-nip-map1-overpass.dem"" > ""E:\CSGO Demos\json\3016\2314504\2314504-0.json""' returned non-zero exit status 1"
3016,2314504,"Command 'cd C:\Users\wesso\Documents\Github\dem2json && node dem2json.js ""E:\\CSGO Demos\\unzipped\3016\2314504\virtuspro-vs-nip-map2-train.dem"" > ""E:\CSGO Demos\json\3016\2314504\2314504-1.json""' returned non-zero exit status 1"
3016,2314505,"Command 'cd C:\Users\wesso\Documents\Github\dem2json && node dem2json.js ""E:\\CSGO Demos\\unzipped\3016\2314505\envyus-vs-nip-map1-cbble.dem"" > ""E:\CSGO Demos\json\3016\2314505\2314505-0.json""' returned non-zero exit status 1"
3016,2314505,"Command 'cd C:\Users\wesso\Documents\Github\dem2json && node dem2json.js ""E:\\CSGO Demos\\unzipped\3016\2314505\envyus-vs-nip-map2-cache.dem"" > ""E:\CSGO Demos\json\3016\2314505\2314505-1.json""' returned non-zero exit status 1"
3016,2314505,"Command 'cd C:\Users\wesso\Documents\Github\dem2json && node dem2json.js ""E:\\CSGO Demos\\unzipped\3016\2314505\envyus-vs-nip-map3-nuke.dem"" > ""E:\CSGO Demos\json\3016\2314505\2314505-2.json""' returned non-zero exit status 1"
3016,2314506,"Command 'cd C:\Users\wesso\Documents\Github\dem2json && node dem2json.js ""E:\\CSGO Demos\\unzipped\3016\2314506\astralis-vs-liquid-overpass.dem"" > ""E:\CSGO Demos\json\3016\2314506\2314506-0.json""' returned non-zero exit status 1"
3016,2314507,"Command 'cd C:\Users\wesso\Documents\Github\dem2json && node dem2json.js ""E:\\CSGO Demos\\unzipped\3016\2314507\sk-vs-heroic-train.dem"" > ""E:\CSGO Demos\json\3016\2314507\2314507-0.json""' returned non-zero exit status 1"
3016,2314508,"Command 'cd C:\Users\wesso\Documents\Github\dem2json && node dem2json.js ""E:\\CSGO Demos\\unzipped\3016\2314508\astralis-vs-heroic-train.dem"" > ""E:\CSGO Demos\json\3016\2314508\2314508-0.json""' returned non-zero exit status 1"
3016,2314509,"Command 'cd C:\Users\wesso\Documents\Github\dem2json && node dem2json.js ""E:\\CSGO Demos\\unzipped\3016\2314509\liquid-vs-sk-m1-inferno.dem"" > ""E:\CSGO Demos\json\3016\2314509\2314509-0.json""' returned non-zero exit status 1"
3016,2314509,"Command 'cd C:\Users\wesso\Documents\Github\dem2json && node dem2json.js ""E:\\CSGO Demos\\unzipped\3016\2314509\liquid-vs-sk-m2-overpass.dem"" > ""E:\CSGO Demos\json\3016\2314509\2314509-1.json""' returned non-zero exit status 1"
3016,2314509,"Command 'cd C:\Users\wesso\Documents\Github\dem2json && node dem2json.js ""E:\\CSGO Demos\\unzipped\3016\2314509\liquid-vs-sk-m3-mirage.dem"" > ""E:\CSGO Demos\json\3016\2314509\2314509-2.json""' returned non-zero exit status 1"
3016,2314510,"Command 'cd C:\Users\wesso\Documents\Github\dem2json && node dem2json.js ""E:\\CSGO Demos\\unzipped\3016\2314510\heroic-vs-sk-m1-overpass.dem"" > ""E:\CSGO Demos\json\3016\2314510\2314510-0.json""' returned non-zero exit status 1"
3016,2314510,"Command 'cd C:\Users\wesso\Documents\Github\dem2json && node dem2json.js ""E:\\CSGO Demos\\unzipped\3016\2314510\heroic-vs-sk-m2-inferno.dem"" > ""E:\CSGO Demos\json\3016\2314510\2314510-1.json""' returned non-zero exit status 1"
3016,2314510,"Command 'cd C:\Users\wesso\Documents\Github\dem2json && node dem2json.js ""E:\\CSGO Demos\\unzipped\3016\2314510\heroic-vs-sk-m3-mirage.dem"" > ""E:\CSGO Demos\json\3016\2314510\2314510-2.json""' returned non-zero exit status 1"
3016,2315519,"Command 'cd C:\Users\wesso\Documents\Github\dem2json && node dem2json.js ""E:\\CSGO Demos\\unzipped\3016\2315519\g2-vs-cloud9-m1-cbble.dem"" > ""E:\CSGO Demos\json\3016\2315519\2315519-0.json""' returned non-zero exit status 1"
3016,2315519,"Command 'cd C:\Users\wesso\Documents\Github\dem2json && node dem2json.js ""E:\\CSGO Demos\\unzipped\3016\2315519\g2-vs-cloud9-m2-inferno.dem"" > ""E:\CSGO Demos\json\3016\2315519\2315519-1.json""' returned non-zero exit status 1"
3016,2315520,"Command 'cd C:\Users\wesso\Documents\Github\dem2json && node dem2json.js ""E:\\CSGO Demos\\unzipped\3016\2315520\astralis-vs-fnatic-m1-train.dem"" > ""E:\CSGO Demos\json\3016\2315520\2315520-0.json""' returned non-zero exit status 1"
3016,2315520,"Command 'cd C:\Users\wesso\Documents\Github\dem2json && node dem2json.js ""E:\\CSGO Demos\\unzipped\3016\2315520\astralis-vs-fnatic-m2-overpass-p1.dem"" > ""E:\CSGO Demos\json\3016\2315520\2315520-1.json""' returned non-zero exit status 1"
3016,2315520,"Command 'cd C:\Users\wesso\Documents\Github\dem2json && node dem2json.js ""E:\\CSGO Demos\\unzipped\3016\2315520\astralis-vs-fnatic-m2-overpass-p2.dem"" > ""E:\CSGO Demos\json\3016\2315520\2315520-2.json""' returned non-zero exit status 1"
3016,2315521,"Command 'cd C:\Users\wesso\Documents\Github\dem2json && node dem2json.js ""E:\\CSGO Demos\\unzipped\3016\2315521\faze-vs-envyus-m1-nuke.dem"" > ""E:\CSGO Demos\json\3016\2315521\2315521-0.json""' returned non-zero exit status 1"
3016,2315521,"Command 'cd C:\Users\wesso\Documents\Github\dem2json && node dem2json.js ""E:\\CSGO Demos\\unzipped\3016\2315521\faze-vs-envyus-m2-overpass.dem"" > ""E:\CSGO Demos\json\3016\2315521\2315521-1.json""' returned non-zero exit status 1"
3016,2315522,"Command 'cd C:\Users\wesso\Documents\Github\dem2json && node dem2json.js ""E:\\CSGO Demos\\unzipped\3016\2315522\heroic-vs-north-m1-overpass.dem"" > ""E:\CSGO Demos\json\3016\2315522\2315522-0.json""' returned non-zero exit status 1"
3016,2315522,"Command 'cd C:\Users\wesso\Documents\Github\dem2json && node dem2json.js ""E:\\CSGO Demos\\unzipped\3016\2315522\heroic-vs-north-m2-mirage.dem"" > ""E:\CSGO Demos\json\3016\2315522\2315522-1.json""' returned non-zero exit status 1"
3016,2315689,"Command 'cd C:\Users\wesso\Documents\Github\dem2json && node dem2json.js ""E:\\CSGO Demos\\unzipped\3016\2315689\cloud9-vs-astralis-m1-mirage.dem"" > ""E:\CSGO Demos\json\3016\2315689\2315689-0.json""' returned non-zero exit status 1"
3016,2315689,"Command 'cd C:\Users\wesso\Documents\Github\dem2json && node dem2json.js ""E:\\CSGO Demos\\unzipped\3016\2315689\cloud9-vs-astralis-m2-overpass.dem"" > ""E:\CSGO Demos\json\3016\2315689\2315689-1.json""' returned non-zero exit status 1"
3016,2315689,"Command 'cd C:\Users\wesso\Documents\Github\dem2json && node dem2json.js ""E:\\CSGO Demos\\unzipped\3016\2315689\cloud9-vs-astralis-m3-inferno.dem"" > ""E:\CSGO Demos\json\3016\2315689\2315689-2.json""' returned non-zero exit status 1"
3016,2315690,"Command 'cd C:\Users\wesso\Documents\Github\dem2json && node dem2json.js ""E:\\CSGO Demos\\unzipped\3016\2315690\faze-vs-north-m1-mirage.dem"" > ""E:\CSGO Demos\json\3016\2315690\2315690-0.json""' returned non-zero exit status 1"
3016,2315690,"Command 'cd C:\Users\wesso\Documents\Github\dem2json && node dem2json.js ""E:\\CSGO Demos\\unzipped\3016\2315690\faze-vs-north-m2-inferno.dem"" > ""E:\CSGO Demos\json\3016\2315690\2315690-1.json""' returned non-zero exit status 1"
3016,2315739,"Command 'cd C:\Users\wesso\Documents\Github\dem2json && node dem2json.js ""E:\\CSGO Demos\\unzipped\3016\2315739\astralis-vs-faze-m1-cache.dem"" > ""E:\CSGO Demos\json\3016\2315739\2315739-0.json""' returned non-zero exit status 1"
3016,2315739,"Command 'cd C:\Users\wesso\Documents\Github\dem2json && node dem2json.js ""E:\\CSGO Demos\\unzipped\3016\2315739\astralis-vs-faze-m2-overpass.dem"" > ""E:\CSGO Demos\json\3016\2315739\2315739-1.json""' returned non-zero exit status 1"
3183,2315884,"Command 'cd C:\Users\wesso\Documents\Github\dem2json && node dem2json.js ""E:\\CSGO Demos\\unzipped\3183\2315884\3_vega-squadron-panthers-gaming_de_inferno.dem"" > ""E:\CSGO Demos\json\3183\2315884\2315884-0.json""' returned non-zero exit status 1"
3183,2315884,"Command 'cd C:\Users\wesso\Documents\Github\dem2json && node dem2json.js ""E:\\CSGO Demos\\unzipped\3183\2315884\4_vega-squadron-panthers-gaming_de_train.dem"" > ""E:\CSGO Demos\json\3183\2315884\2315884-1.json""' returned non-zero exit status 1"
3183,2315885,"Command 'cd C:\Users\wesso\Documents\Github\dem2json && node dem2json.js ""E:\\CSGO Demos\\unzipped\3183\2315885\5_mousesports-alternate-attax_de_cbble.dem"" > ""E:\CSGO Demos\json\3183\2315885\2315885-0.json""' returned non-zero exit status 1"
3183,2315885,"Command 'cd C:\Users\wesso\Documents\Github\dem2json && node dem2json.js ""E:\\CSGO Demos\\unzipped\3183\2315885\6_mousesports-alternate-attax_de_train.dem"" > ""E:\CSGO Demos\json\3183\2315885\2315885-1.json""' returned non-zero exit status 1"
3183,2315886,"Command 'cd C:\Users\wesso\Documents\Github\dem2json && node dem2json.js ""E:\\CSGO Demos\\unzipped\3183\2315886\10_tricked-esport-seed_de_mirage.dem"" > ""E:\CSGO Demos\json\3183\2315886\2315886-0.json""' returned non-zero exit status 1"
3183,2315886,"Command 'cd C:\Users\wesso\Documents\Github\dem2json && node dem2json.js ""E:\\CSGO Demos\\unzipped\3183\2315886\8_tricked-esport-seed_de_train.dem"" > ""E:\CSGO Demos\json\3183\2315886\2315886-1.json""' returned non-zero exit status 1"
3183,2315886,"Command 'cd C:\Users\wesso\Documents\Github\dem2json && node dem2json.js ""E:\\CSGO Demos\\unzipped\3183\2315886\9_tricked-esport-seed_de_cbble.dem"" > ""E:\CSGO Demos\json\3183\2315886\2315886-2.json""' returned non-zero exit status 1"
3183,2315887,"Command 'cd C:\Users\wesso\Documents\Github\dem2json && node dem2json.js ""E:\\CSGO Demos\\unzipped\3183\2315887\14_gambit-gaming-team-singularity_de_train.dem"" > ""E:\CSGO Demos\json\3183\2315887\2315887-0.json""' returned non-zero exit status 1"
3183,2315887,"Command 'cd C:\Users\wesso\Documents\Github\dem2json && node dem2json.js ""E:\\CSGO Demos\\unzipped\3183\2315887\15_gambit-esports-team-singularity_de_inferno.dem"" > ""E:\CSGO Demos\json\3183\2315887\2315887-1.json""' returned non-zero exit status 1"
3183,2315888,"Command 'cd C:\Users\wesso\Documents\Github\dem2json && node dem2json.js ""E:\\CSGO Demos\\unzipped\3183\2315888\17_vega-squadron-mousesports_de_mirage.dem"" > ""E:\CSGO Demos\json\3183\2315888\2315888-0.json""' returned non-zero exit status 1"
3183,2315888,"Command 'cd C:\Users\wesso\Documents\Github\dem2json && node dem2json.js ""E:\\CSGO Demos\\unzipped\3183\2315888\18_vega-squadron-mousesports_de_nuke.dem"" > ""E:\CSGO Demos\json\3183\2315888\2315888-1.json""' returned non-zero exit status 1"
3183,2315888,"Command 'cd C:\Users\wesso\Documents\Github\dem2json && node dem2json.js ""E:\\CSGO Demos\\unzipped\3183\2315888\19_vega-squadron-mousesports_de_inferno.dem"" > ""E:\CSGO Demos\json\3183\2315888\2315888-2.json""' returned non-zero exit status 1"
3183,2315889,"Command 'cd C:\Users\wesso\Documents\Github\dem2json && node dem2json.js ""E:\\CSGO Demos\\unzipped\3183\2315889\20_seed-gambit-esports_de_cbble.dem"" > ""E:\CSGO Demos\json\3183\2315889\2315889-0.json""' returned non-zero exit status 1"
3183,2315889,"Command 'cd C:\Users\wesso\Documents\Github\dem2json && node dem2json.js ""E:\\CSGO Demos\\unzipped\3183\2315889\22_seed-gambit-esports_de_train.dem"" > ""E:\CSGO Demos\json\3183\2315889\2315889-1.json""' returned non-zero exit status 1"
3183,2315890,"Command 'cd C:\Users\wesso\Documents\Github\dem2json && node dem2json.js ""E:\\CSGO Demos\\unzipped\3183\2315890\24_mousesports-gambit-esports_de_overpass.dem"" > ""E:\CSGO Demos\json\3183\2315890\2315890-0.json""' returned non-zero exit status 1"
3183,2315890,"Command 'cd C:\Users\wesso\Documents\Github\dem2json && node dem2json.js ""E:\\CSGO Demos\\unzipped\3183\2315890\25_mousesports-gambit-esports_de_nuke.dem"" > ""E:\CSGO Demos\json\3183\2315890\2315890-1.json""' returned non-zero exit status 1"
3183,2315890,"Command 'cd C:\Users\wesso\Documents\Github\dem2json && node dem2json.js ""E:\\CSGO Demos\\unzipped\3183\2315890\26_mousesports-gambit-esports_de_cbble.dem"" > ""E:\CSGO Demos\json\3183\2315890\2315890-2.json""' returned non-zero exit status 1"
3190,2316584,"Command 'cd C:\Users\wessonmo\Documents\GitHub\dem2json && node dem2json.js ""E:\CSGO Demos\unzipped\3190\2316584\55_heroic-hellraisers_de_cbble_part1.dem"" > ""E:\CSGO Demos\json\3190\2316584\2316584-1.json""' returned non-zero exit status 1"
3252,2316691,"Command 'cd C:\Users\wessonmo\Documents\GitHub\dem2json && node dem2json.js ""E:\CSGO Demos\unzipped\3252\2316691\liquid-vs-misfits-m1-cbble-p1.dem"" > ""E:\CSGO Demos\json\3252\2316691\2316691-0.json""' returned non-zero exit status 1"
3165,2317114,"Command 'cd C:\Users\wesso\Documents\GitHub\dem2json && node dem2json.js ""E:\CSGO Demos\unzipped\3165\2317114\liquid-vs-misfits-cache.dem"" > ""E:\CSGO Demos\json\3165\2317114\2317114-0.json""' returned non-zero exit status 1"
3165,2317119,"Command 'cd C:\Users\wesso\Documents\GitHub\dem2json && node dem2json.js ""E:\CSGO Demos\unzipped\3165\2317119\optic-vs-liquid-mirage.dem"" > ""E:\CSGO Demos\json\3165\2317119\2317119-0.json""' returned non-zero exit status 1"
3165,2317121,"Command 'cd C:\Users\wesso\Documents\GitHub\dem2json && node dem2json.js ""E:\CSGO Demos\unzipped\3165\2317121\misfits-vs-optic-overpass-p1.dem"" > ""E:\CSGO Demos\json\3165\2317121\2317121-0.json""' returned non-zero exit status 1"
3165,2317122,"Command 'cd C:\Users\wesso\Documents\GitHub\dem2json && node dem2json.js ""E:\CSGO Demos\unzipped\3165\2317122\renegades-vs-optic-m1-cache.dem"" > ""E:\CSGO Demos\json\3165\2317122\2317122-0.json""' returned non-zero exit status 1"
3165,2317122,"Command 'cd C:\Users\wesso\Documents\GitHub\dem2json && node dem2json.js ""E:\CSGO Demos\unzipped\3165\2317122\renegades-vs-optic-m2-overpass.dem"" > ""E:\CSGO Demos\json\3165\2317122\2317122-1.json""' returned non-zero exit status 1"
3165,2317124,"Command 'cd C:\Users\wesso\Documents\GitHub\dem2json && node dem2json.js ""E:\CSGO Demos\unzipped\3165\2317124\renegades-vs-cloud9-m2-train.dem"" > ""E:\CSGO Demos\json\3165\2317124\2317124-1.json""' returned non-zero exit status 1"
2998,2316769,"Command 'cd C:\Users\wesso\Documents\GitHub\dem2json && node dem2json.js ""E:\CSGO Demos\unzipped\2998\2316769\sk-vs-g2-cbble.dem"" > ""E:\CSGO Demos\json\2998\2316769\2316769-0.json""' returned non-zero exit status 1"
2998,2316782,"Command 'cd C:\Users\wesso\Documents\GitHub\dem2json && node dem2json.js ""E:\CSGO Demos\unzipped\2998\2316782\astralis-vs-sk-m1-mirage.dem"" > ""E:\CSGO Demos\json\2998\2316782\2316782-0.json""' returned non-zero exit status 1"
3224,2317522,"Command 'cd C:\Users\wesso\Documents\GitHub\dem2json && node dem2json.js ""E:\CSGO Demos\unzipped\3224\2317522\wasd-vs-hellraisers-cbble.dem"" > ""E:\CSGO Demos\json\3224\2317522\2317522-0.json""' returned non-zero exit status 1"
2574,2317623,"Command 'cd C:\Users\wesso\Documents\GitHub\dem2json && node dem2json.js ""E:\CSGO Demos\unzipped\2574\2317623\gambit-vs-rise-nation-mirage.dem"" > ""E:\CSGO Demos\json\2574\2317623\2317623-0.json""' returned non-zero exit status 1"
2574,2317624,"Command 'cd C:\Users\wesso\Documents\GitHub\dem2json && node dem2json.js ""E:\CSGO Demos\unzipped\2574\2317624\mousesports-vs-north-academy-cbble.dem"" > ""E:\CSGO Demos\json\2574\2317624\2317624-0.json""' returned non-zero exit status 1"
2574,2317625,"Command 'cd C:\Users\wesso\Documents\GitHub\dem2json && node dem2json.js ""E:\CSGO Demos\unzipped\2574\2317625\heroic-vs-natus-vincere-overpass.dem"" > ""E:\CSGO Demos\json\2574\2317625\2317625-0.json""' returned non-zero exit status 1"
2574,2317626,"Command 'cd C:\Users\wesso\Documents\GitHub\dem2json && node dem2json.js ""E:\CSGO Demos\unzipped\2574\2317626\envyus-vs-big-cache.dem"" > ""E:\CSGO Demos\json\2574\2317626\2317626-0.json""' returned non-zero exit status 1"
2574,2317627,"Command 'cd C:\Users\wesso\Documents\GitHub\dem2json && node dem2json.js ""E:\CSGO Demos\unzipped\2574\2317627\gambit-vs-natus-vincere-inferno.dem"" > ""E:\CSGO Demos\json\2574\2317627\2317627-0.json""' returned non-zero exit status 1"
2574,2317628,"Command 'cd C:\Users\wesso\Documents\GitHub\dem2json && node dem2json.js ""E:\CSGO Demos\unzipped\2574\2317628\mousesports-vs-envyus-train.dem"" > ""E:\CSGO Demos\json\2574\2317628\2317628-0.json""' returned non-zero exit status 1"
2574,2317629,"Command 'cd C:\Users\wesso\Documents\GitHub\dem2json && node dem2json.js ""E:\CSGO Demos\unzipped\2574\2317629\rise-nation-vs-heroic-m1-inferno.dem"" > ""E:\CSGO Demos\json\2574\2317629\2317629-0.json""' returned non-zero exit status 1"
2574,2317629,"Command 'cd C:\Users\wesso\Documents\GitHub\dem2json && node dem2json.js ""E:\CSGO Demos\unzipped\2574\2317629\rise-nation-vs-heroic-m2-nuke.dem"" > ""E:\CSGO Demos\json\2574\2317629\2317629-1.json""' returned non-zero exit status 1"
2574,2317630,"Command 'cd C:\Users\wesso\Documents\GitHub\dem2json && node dem2json.js ""E:\CSGO Demos\unzipped\2574\2317630\north-academy-vs-big-m1-train.dem"" > ""E:\CSGO Demos\json\2574\2317630\2317630-0.json""' returned non-zero exit status 1"
2574,2317630,"Command 'cd C:\Users\wesso\Documents\GitHub\dem2json && node dem2json.js ""E:\CSGO Demos\unzipped\2574\2317630\north-academy-vs-big-m2-cache.dem"" > ""E:\CSGO Demos\json\2574\2317630\2317630-1.json""' returned non-zero exit status 1"
2574,2317630,"Command 'cd C:\Users\wesso\Documents\GitHub\dem2json && node dem2json.js ""E:\CSGO Demos\unzipped\2574\2317630\north-academy-vs-big-m3-overpass.dem"" > ""E:\CSGO Demos\json\2574\2317630\2317630-2.json""' returned non-zero exit status 1"
2574,2317631,"Command 'cd C:\Users\wesso\Documents\GitHub\dem2json && node dem2json.js ""E:\CSGO Demos\unzipped\2574\2317631\natus-vincere-vs-heroic-m1-inferno.dem"" > ""E:\CSGO Demos\json\2574\2317631\2317631-0.json""' returned non-zero exit status 1"
2574,2317631,"Command 'cd C:\Users\wesso\Documents\GitHub\dem2json && node dem2json.js ""E:\CSGO Demos\unzipped\2574\2317631\natus-vincere-vs-heroic-m2-overpass.dem"" > ""E:\CSGO Demos\json\2574\2317631\2317631-1.json""' returned non-zero exit status 1"
2574,2317631,"Command 'cd C:\Users\wesso\Documents\GitHub\dem2json && node dem2json.js ""E:\CSGO Demos\unzipped\2574\2317631\natus-vincere-vs-heroic-m3-train.dem"" > ""E:\CSGO Demos\json\2574\2317631\2317631-2.json""' returned non-zero exit status 1"
2574,2317632,"Command 'cd C:\Users\wesso\Documents\GitHub\dem2json && node dem2json.js ""E:\CSGO Demos\unzipped\2574\2317632\mousesports-vs-big-m1-overpass.dem"" > ""E:\CSGO Demos\json\2574\2317632\2317632-0.json""' returned non-zero exit status 1"
2574,2317632,"Command 'cd C:\Users\wesso\Documents\GitHub\dem2json && node dem2json.js ""E:\CSGO Demos\unzipped\2574\2317632\mousesports-vs-big-m2-mirage.dem"" > ""E:\CSGO Demos\json\2574\2317632\2317632-1.json""' returned non-zero exit status 1"
2574,2317633,"Command 'cd C:\Users\wesso\Documents\GitHub\dem2json && node dem2json.js ""E:\CSGO Demos\unzipped\2574\2317633\envyus-vs-natus-vincere-m1-overpass.dem"" > ""E:\CSGO Demos\json\2574\2317633\2317633-0.json""' returned non-zero exit status 1"
2574,2317633,"Command 'cd C:\Users\wesso\Documents\GitHub\dem2json && node dem2json.js ""E:\CSGO Demos\unzipped\2574\2317633\envyus-vs-natus-vincere-m2-nuke.dem"" > ""E:\CSGO Demos\json\2574\2317633\2317633-1.json""' returned non-zero exit status 1"
2574,2317634,"Command 'cd C:\Users\wesso\Documents\GitHub\dem2json && node dem2json.js ""E:\CSGO Demos\unzipped\2574\2317634\gambit-vs-mousesports-m1-nuke.dem"" > ""E:\CSGO Demos\json\2574\2317634\2317634-0.json""' returned non-zero exit status 1"
2574,2317634,"Command 'cd C:\Users\wesso\Documents\GitHub\dem2json && node dem2json.js ""E:\CSGO Demos\unzipped\2574\2317634\gambit-vs-mousesports-m2-train.dem"" > ""E:\CSGO Demos\json\2574\2317634\2317634-1.json""' returned non-zero exit status 1"
2574,2317635,"Command 'cd C:\Users\wesso\Documents\GitHub\dem2json && node dem2json.js ""E:\CSGO Demos\unzipped\2574\2317635\natus-vincere-vs-mousesports-m1-cbble.dem"" > ""E:\CSGO Demos\json\2574\2317635\2317635-0.json""' returned non-zero exit status 1"
2574,2317635,"Command 'cd C:\Users\wesso\Documents\GitHub\dem2json && node dem2json.js ""E:\CSGO Demos\unzipped\2574\2317635\natus-vincere-vs-mousesports-m2-inferno.dem"" > ""E:\CSGO Demos\json\2574\2317635\2317635-1.json""' returned non-zero exit status 1"
3072,2317639,"Command 'cd C:\Users\wesso\Documents\GitHub\dem2json && node dem2json.js ""E:\CSGO Demos\unzipped\3072\2317639\fnatic-vs-faze-inferno.dem"" > ""E:\CSGO Demos\json\3072\2317639\2317639-0.json""' returned non-zero exit status 1"
3072,2317640,"Command 'cd C:\Users\wesso\Documents\GitHub\dem2json && node dem2json.js ""E:\CSGO Demos\unzipped\3072\2317640\luminosity-vs-hellraisers-cache.dem"" > ""E:\CSGO Demos\json\3072\2317640\2317640-0.json""' returned non-zero exit status 1"
3072,2317641,"Command 'cd C:\Users\wesso\Documents\GitHub\dem2json && node dem2json.js ""E:\CSGO Demos\unzipped\3072\2317641\astralis-vs-liquid-mirage-p1.dem"" > ""E:\CSGO Demos\json\3072\2317641\2317641-0.json""' returned non-zero exit status 1"
3072,2317641,"Command 'cd C:\Users\wesso\Documents\GitHub\dem2json && node dem2json.js ""E:\CSGO Demos\unzipped\3072\2317641\astralis-vs-liquid-mirage-p2.dem"" > ""E:\CSGO Demos\json\3072\2317641\2317641-1.json""' returned non-zero exit status 1"
3072,2317641,"Command 'cd C:\Users\wesso\Documents\GitHub\dem2json && node dem2json.js ""E:\CSGO Demos\unzipped\3072\2317641\astralis-vs-liquid-mirage-p3.dem"" > ""E:\CSGO Demos\json\3072\2317641\2317641-2.json""' returned non-zero exit status 1"
3072,2317642,"Command 'cd C:\Users\wesso\Documents\GitHub\dem2json && node dem2json.js ""E:\CSGO Demos\unzipped\3072\2317642\fnatic-vs-hellraisers-inferno.dem"" > ""E:\CSGO Demos\json\3072\2317642\2317642-0.json""' returned non-zero exit status 1"
3072,2317643,"Command 'cd C:\Users\wesso\Documents\GitHub\dem2json && node dem2json.js ""E:\CSGO Demos\unzipped\3072\2317643\faze-vs-liquid-mirage.dem"" > ""E:\CSGO Demos\json\3072\2317643\2317643-0.json""' returned non-zero exit status 1"
3072,2317644,"Command 'cd C:\Users\wesso\Documents\GitHub\dem2json && node dem2json.js ""E:\CSGO Demos\unzipped\3072\2317644\astralis-vs-luminosity-train.dem"" > ""E:\CSGO Demos\json\3072\2317644\2317644-0.json""' returned non-zero exit status 1"
3072,2317645,"Command 'cd C:\Users\wesso\Documents\GitHub\dem2json && node dem2json.js ""E:\CSGO Demos\unzipped\3072\2317645\fnatic-vs-luminosity-cbble.dem"" > ""E:\CSGO Demos\json\3072\2317645\2317645-0.json""' returned non-zero exit status 1"
3072,2317646,"Command 'cd C:\Users\wesso\Documents\GitHub\dem2json && node dem2json.js ""E:\CSGO Demos\unzipped\3072\2317646\hellraisers-vs-liquid-inferno.dem"" > ""E:\CSGO Demos\json\3072\2317646\2317646-0.json""' returned non-zero exit status 1"
3072,2317647,"Command 'cd C:\Users\wesso\Documents\GitHub\dem2json && node dem2json.js ""E:\CSGO Demos\unzipped\3072\2317647\north-vs-sk-overpass.dem"" > ""E:\CSGO Demos\json\3072\2317647\2317647-0.json""' returned non-zero exit status 1"
3072,2317648,"Command 'cd C:\Users\wesso\Documents\GitHub\dem2json && node dem2json.js ""E:\CSGO Demos\unzipped\3072\2317648\nrg-vs-misfits-overpass.dem"" > ""E:\CSGO Demos\json\3072\2317648\2317648-0.json""' returned non-zero exit status 1"
3072,2317649,"Command 'cd C:\Users\wesso\Documents\GitHub\dem2json && node dem2json.js ""E:\CSGO Demos\unzipped\3072\2317649\nip-vs-optic-cbble.dem"" > ""E:\CSGO Demos\json\3072\2317649\2317649-0.json""' returned non-zero exit status 1"
3072,2317650,"Command 'cd C:\Users\wesso\Documents\GitHub\dem2json && node dem2json.js ""E:\CSGO Demos\unzipped\3072\2317650\north-vs-misfits-cbble.dem"" > ""E:\CSGO Demos\json\3072\2317650\2317650-0.json""' returned non-zero exit status 1"
3072,2317651,"Command 'cd C:\Users\wesso\Documents\GitHub\dem2json && node dem2json.js ""E:\CSGO Demos\unzipped\3072\2317651\sk-vs-optic-mirage.dem"" > ""E:\CSGO Demos\json\3072\2317651\2317651-0.json""' returned non-zero exit status 1"
3072,2317652,"Command 'cd C:\Users\wesso\Documents\GitHub\dem2json && node dem2json.js ""E:\CSGO Demos\unzipped\3072\2317652\nrg-vs-nip-overpass.dem"" > ""E:\CSGO Demos\json\3072\2317652\2317652-0.json""' returned non-zero exit status 1"
3072,2317653,"Command 'cd C:\Users\wesso\Documents\GitHub\dem2json && node dem2json.js ""E:\CSGO Demos\unzipped\3072\2317653\north-vs-nrg-mirage.dem"" > ""E:\CSGO Demos\json\3072\2317653\2317653-0.json""' returned non-zero exit status 1"
3072,2317654,"Command 'cd C:\Users\wesso\Documents\GitHub\dem2json && node dem2json.js ""E:\CSGO Demos\unzipped\3072\2317654\misfits-vs-optic-overpass.dem"" > ""E:\CSGO Demos\json\3072\2317654\2317654-0.json""' returned non-zero exit status 1"
3072,2317656,"Command 'cd C:\Users\wesso\Documents\GitHub\dem2json && node dem2json.js ""E:\CSGO Demos\unzipped\3072\2317656\sk-vs-nip-overpass.dem"" > ""E:\CSGO Demos\json\3072\2317656\2317656-0.json""' returned non-zero exit status 1"
3072,2317657,"Command 'cd C:\Users\wesso\Documents\GitHub\dem2json && node dem2json.js ""E:\CSGO Demos\unzipped\3072\2317657\north-vs-optic-overpass.dem"" > ""E:\CSGO Demos\json\3072\2317657\2317657-0.json""' returned non-zero exit status 1"
3072,2317658,"Command 'cd C:\Users\wesso\Documents\GitHub\dem2json && node dem2json.js ""E:\CSGO Demos\unzipped\3072\2317658\misfits-vs-nip-overpass.dem"" > ""E:\CSGO Demos\json\3072\2317658\2317658-0.json""' returned non-zero exit status 1"
3072,2317659,"Command 'cd C:\Users\wesso\Documents\GitHub\dem2json && node dem2json.js ""E:\CSGO Demos\unzipped\3072\2317659\sk-vs-nrg-cache.dem"" > ""E:\CSGO Demos\json\3072\2317659\2317659-0.json""' returned non-zero exit status 1"
3072,2317660,"Command 'cd C:\Users\wesso\Documents\GitHub\dem2json && node dem2json.js ""E:\CSGO Demos\unzipped\3072\2317660\sk-vs-misfits-cache.dem"" > ""E:\CSGO Demos\json\3072\2317660\2317660-0.json""' returned non-zero exit status 1"
3072,2317661,"Command 'cd C:\Users\wesso\Documents\GitHub\dem2json && node dem2json.js ""E:\CSGO Demos\unzipped\3072\2317661\north-vs-nip-inferno-p1.dem"" > ""E:\CSGO Demos\json\3072\2317661\2317661-0.json""' returned non-zero exit status 1"
3072,2317661,"Command 'cd C:\Users\wesso\Documents\GitHub\dem2json && node dem2json.js ""E:\CSGO Demos\unzipped\3072\2317661\north-vs-nip-inferno-p2.dem"" > ""E:\CSGO Demos\json\3072\2317661\2317661-1.json""' returned non-zero exit status 1"
3072,2317662,"Command 'cd C:\Users\wesso\Documents\GitHub\dem2json && node dem2json.js ""E:\CSGO Demos\unzipped\3072\2317662\nrg-vs-optic-cbble.dem"" > ""E:\CSGO Demos\json\3072\2317662\2317662-0.json""' returned non-zero exit status 1"
3072,2317663,"Command 'cd C:\Users\wesso\Documents\GitHub\dem2json && node dem2json.js ""E:\CSGO Demos\unzipped\3072\2317663\faze-vs-astralis-mirage.dem"" > ""E:\CSGO Demos\json\3072\2317663\2317663-0.json""' returned non-zero exit status 1"
3072,2317664,"Command 'cd C:\Users\wesso\Documents\GitHub\dem2json && node dem2json.js ""E:\CSGO Demos\unzipped\3072\2317664\fnatic-vs-liquid-mirage.dem"" > ""E:\CSGO Demos\json\3072\2317664\2317664-0.json""' returned non-zero exit status 1"
3072,2317665,"Command 'cd C:\Users\wesso\Documents\GitHub\dem2json && node dem2json.js ""E:\CSGO Demos\unzipped\3072\2317665\hellraisers-vs-astralis-overpass.dem"" > ""E:\CSGO Demos\json\3072\2317665\2317665-0.json""' returned non-zero exit status 1"
3072,2317666,"Command 'cd C:\Users\wesso\Documents\GitHub\dem2json && node dem2json.js ""E:\CSGO Demos\unzipped\3072\2317666\faze-vs-luminosity-train.dem"" > ""E:\CSGO Demos\json\3072\2317666\2317666-0.json""' returned non-zero exit status 1"
3072,2317667,"Command 'cd C:\Users\wesso\Documents\GitHub\dem2json && node dem2json.js ""E:\CSGO Demos\unzipped\3072\2317667\faze-vs-hellraisers-overpass.dem"" > ""E:\CSGO Demos\json\3072\2317667\2317667-0.json""' returned non-zero exit status 1"
3072,2317668,"Command 'cd C:\Users\wesso\Documents\GitHub\dem2json && node dem2json.js ""E:\CSGO Demos\unzipped\3072\2317668\fnatic-vs-astralis-inferno.dem"" > ""E:\CSGO Demos\json\3072\2317668\2317668-0.json""' returned non-zero exit status 1"
3072,2317669,"Command 'cd C:\Users\wesso\Documents\GitHub\dem2json && node dem2json.js ""E:\CSGO Demos\unzipped\3072\2317669\luminosity-vs-liquid-cache.dem"" > ""E:\CSGO Demos\json\3072\2317669\2317669-0.json""' returned non-zero exit status 1"
3072,2317922,"Command 'cd C:\Users\wesso\Documents\GitHub\dem2json && node dem2json.js ""E:\CSGO Demos\unzipped\3072\2317922\fnatic-vs-optic-m1-inferno.dem"" > ""E:\CSGO Demos\json\3072\2317922\2317922-0.json""' returned non-zero exit status 1"
3072,2317922,"Command 'cd C:\Users\wesso\Documents\GitHub\dem2json && node dem2json.js ""E:\CSGO Demos\unzipped\3072\2317922\fnatic-vs-optic-m2-train.dem"" > ""E:\CSGO Demos\json\3072\2317922\2317922-1.json""' returned non-zero exit status 1"
3072,2317922,"Command 'cd C:\Users\wesso\Documents\GitHub\dem2json && node dem2json.js ""E:\CSGO Demos\unzipped\3072\2317922\fnatic-vs-optic-m3-mirage.dem"" > ""E:\CSGO Demos\json\3072\2317922\2317922-2.json""' returned non-zero exit status 1"
3072,2317923,"Command 'cd C:\Users\wesso\Documents\GitHub\dem2json && node dem2json.js ""E:\CSGO Demos\unzipped\3072\2317923\misfits-vs-hellraisers-m1-cbble.dem"" > ""E:\CSGO Demos\json\3072\2317923\2317923-0.json""' returned non-zero exit status 1"
3072,2317923,"Command 'cd C:\Users\wesso\Documents\GitHub\dem2json && node dem2json.js ""E:\CSGO Demos\unzipped\3072\2317923\misfits-vs-hellraisers-m2-overpass.dem"" > ""E:\CSGO Demos\json\3072\2317923\2317923-1.json""' returned non-zero exit status 1"
3072,2317924,"Command 'cd C:\Users\wesso\Documents\GitHub\dem2json && node dem2json.js ""E:\CSGO Demos\unzipped\3072\2317924\faze-vs-fnatic-m1-mirage.dem"" > ""E:\CSGO Demos\json\3072\2317924\2317924-0.json""' returned non-zero exit status 1"
3072,2317924,"Command 'cd C:\Users\wesso\Documents\GitHub\dem2json && node dem2json.js ""E:\CSGO Demos\unzipped\3072\2317924\faze-vs-fnatic-m2-overpass.dem"" > ""E:\CSGO Demos\json\3072\2317924\2317924-1.json""' returned non-zero exit status 1"
3072,2317925,"Command 'cd C:\Users\wesso\Documents\GitHub\dem2json && node dem2json.js ""E:\CSGO Demos\unzipped\3072\2317925\sk-vs-misfits-m1-cbble.dem"" > ""E:\CSGO Demos\json\3072\2317925\2317925-0.json""' returned non-zero exit status 1"
3072,2317925,"Command 'cd C:\Users\wesso\Documents\GitHub\dem2json && node dem2json.js ""E:\CSGO Demos\unzipped\3072\2317925\sk-vs-misfits-m2-overpass.dem"" > ""E:\CSGO Demos\json\3072\2317925\2317925-1.json""' returned non-zero exit status 1"
3072,2317926,"Command 'cd C:\Users\wesso\Documents\GitHub\dem2json && node dem2json.js ""E:\CSGO Demos\unzipped\3072\2317926\faze-vs-sk-m1-inferno.dem"" > ""E:\CSGO Demos\json\3072\2317926\2317926-0.json""' returned non-zero exit status 1"
3072,2317926,"Command 'cd C:\Users\wesso\Documents\GitHub\dem2json && node dem2json.js ""E:\CSGO Demos\unzipped\3072\2317926\faze-vs-sk-m2-overpass.dem"" > ""E:\CSGO Demos\json\3072\2317926\2317926-1.json""' returned non-zero exit status 1"
3072,2317926,"Command 'cd C:\Users\wesso\Documents\GitHub\dem2json && node dem2json.js ""E:\CSGO Demos\unzipped\3072\2317926\faze-vs-sk-m3-mirage.dem"" > ""E:\CSGO Demos\json\3072\2317926\2317926-2.json""' returned non-zero exit status 1"
3072,2317926,"Command 'cd C:\Users\wesso\Documents\GitHub\dem2json && node dem2json.js ""E:\CSGO Demos\unzipped\3072\2317926\faze-vs-sk-m4-train.dem"" > ""E:\CSGO Demos\json\3072\2317926\2317926-3.json""' returned non-zero exit status 1"
3283,2317833,"Command 'cd C:\Users\wesso\Documents\GitHub\dem2json && node dem2json.js ""E:\CSGO Demos\unzipped\3283\2317833\5power-vs-gambit-m1-overpass.dem"" > ""E:\CSGO Demos\json\3283\2317833\2317833-0.json""' returned non-zero exit status 1"
3283,2317833,"Command 'cd C:\Users\wesso\Documents\GitHub\dem2json && node dem2json.js ""E:\CSGO Demos\unzipped\3283\2317833\5power-vs-gambit-m2-cache.dem"" > ""E:\CSGO Demos\json\3283\2317833\2317833-1.json""' returned non-zero exit status 1"
3283,2317834,"Command 'cd C:\Users\wesso\Documents\GitHub\dem2json && node dem2json.js ""E:\CSGO Demos\unzipped\3283\2317834\vega-squadron-vs-grayhound-m1-overpass.dem"" > ""E:\CSGO Demos\json\3283\2317834\2317834-0.json""' returned non-zero exit status 1"
3283,2317834,"Command 'cd C:\Users\wesso\Documents\GitHub\dem2json && node dem2json.js ""E:\CSGO Demos\unzipped\3283\2317834\vega-squadron-vs-grayhound-m2-mirage.dem"" > ""E:\CSGO Demos\json\3283\2317834\2317834-1.json""' returned non-zero exit status 1"
3283,2317835,"Command 'cd C:\Users\wesso\Documents\GitHub\dem2json && node dem2json.js ""E:\CSGO Demos\unzipped\3283\2317835\splyce-vs-5power-m1-cache.dem"" > ""E:\CSGO Demos\json\3283\2317835\2317835-0.json""' returned non-zero exit status 1"
3283,2317835,"Command 'cd C:\Users\wesso\Documents\GitHub\dem2json && node dem2json.js ""E:\CSGO Demos\unzipped\3283\2317835\splyce-vs-5power-m2-train.dem"" > ""E:\CSGO Demos\json\3283\2317835\2317835-1.json""' returned non-zero exit status 1"
3283,2317836,"Command 'cd C:\Users\wesso\Documents\GitHub\dem2json && node dem2json.js ""E:\CSGO Demos\unzipped\3283\2317836\tyloo-vs-vega-squadron-m1-inferno.dem"" > ""E:\CSGO Demos\json\3283\2317836\2317836-0.json""' returned non-zero exit status 1"
3283,2317836,"Command 'cd C:\Users\wesso\Documents\GitHub\dem2json && node dem2json.js ""E:\CSGO Demos\unzipped\3283\2317836\tyloo-vs-vega-squadron-m2-train.dem"" > ""E:\CSGO Demos\json\3283\2317836\2317836-1.json""' returned non-zero exit status 1"
3283,2317837,"Command 'cd C:\Users\wesso\Documents\GitHub\dem2json && node dem2json.js ""E:\CSGO Demos\unzipped\3283\2317837\gambit-vs-splyce-m1-mirage.dem"" > ""E:\CSGO Demos\json\3283\2317837\2317837-0.json""' returned non-zero exit status 1"
3283,2317837,"Command 'cd C:\Users\wesso\Documents\GitHub\dem2json && node dem2json.js ""E:\CSGO Demos\unzipped\3283\2317837\gambit-vs-splyce-m2-nuke.dem"" > ""E:\CSGO Demos\json\3283\2317837\2317837-1.json""' returned non-zero exit status 1"
3283,2317838,"Command 'cd C:\Users\wesso\Documents\GitHub\dem2json && node dem2json.js ""E:\CSGO Demos\unzipped\3283\2317838\grayhound-vs-tyloo-m1-overpass.dem"" > ""E:\CSGO Demos\json\3283\2317838\2317838-0.json""' returned non-zero exit status 1"
3283,2317838,"Command 'cd C:\Users\wesso\Documents\GitHub\dem2json && node dem2json.js ""E:\CSGO Demos\unzipped\3283\2317838\grayhound-vs-tyloo-m2-inferno.dem"" > ""E:\CSGO Demos\json\3283\2317838\2317838-1.json""' returned non-zero exit status 1"
3283,2317839,"Command 'cd C:\Users\wesso\Documents\GitHub\dem2json && node dem2json.js ""E:\CSGO Demos\unzipped\3283\2317839\5power-vs-vega-squadron-m1-overpass.dem"" > ""E:\CSGO Demos\json\3283\2317839\2317839-0.json""' returned non-zero exit status 1"
3283,2317839,"Command 'cd C:\Users\wesso\Documents\GitHub\dem2json && node dem2json.js ""E:\CSGO Demos\unzipped\3283\2317839\5power-vs-vega-squadron-m2-cache.dem"" > ""E:\CSGO Demos\json\3283\2317839\2317839-1.json""' returned non-zero exit status 1"
3283,2317840,"Command 'cd C:\Users\wesso\Documents\GitHub\dem2json && node dem2json.js ""E:\CSGO Demos\unzipped\3283\2317840\tyloo-vs-splyce-m1-train.dem"" > ""E:\CSGO Demos\json\3283\2317840\2317840-0.json""' returned non-zero exit status 1"
3283,2317840,"Command 'cd C:\Users\wesso\Documents\GitHub\dem2json && node dem2json.js ""E:\CSGO Demos\unzipped\3283\2317840\tyloo-vs-splyce-m2-cbble.dem"" > ""E:\CSGO Demos\json\3283\2317840\2317840-1.json""' returned non-zero exit status 1"
3283,2317840,"Command 'cd C:\Users\wesso\Documents\GitHub\dem2json && node dem2json.js ""E:\CSGO Demos\unzipped\3283\2317840\tyloo-vs-splyce-m3-cache.dem"" > ""E:\CSGO Demos\json\3283\2317840\2317840-2.json""' returned non-zero exit status 1"
3283,2317841,"Command 'cd C:\Users\wesso\Documents\GitHub\dem2json && node dem2json.js ""E:\CSGO Demos\unzipped\3283\2317841\gambit-vs-vega-squadron-m1-overpass.dem"" > ""E:\CSGO Demos\json\3283\2317841\2317841-0.json""' returned non-zero exit status 1"
3283,2317841,"Command 'cd C:\Users\wesso\Documents\GitHub\dem2json && node dem2json.js ""E:\CSGO Demos\unzipped\3283\2317841\gambit-vs-vega-squadron-m2-mirage.dem"" > ""E:\CSGO Demos\json\3283\2317841\2317841-1.json""' returned non-zero exit status 1"
3283,2317841,"Command 'cd C:\Users\wesso\Documents\GitHub\dem2json && node dem2json.js ""E:\CSGO Demos\unzipped\3283\2317841\gambit-vs-vega-squadron-m3-cache.dem"" > ""E:\CSGO Demos\json\3283\2317841\2317841-2.json""' returned non-zero exit status 1"
3283,2317842,"Command 'cd C:\Users\wesso\Documents\GitHub\dem2json && node dem2json.js ""E:\CSGO Demos\unzipped\3283\2317842\grayhound-vs-tyloo-m1-overpass.dem"" > ""E:\CSGO Demos\json\3283\2317842\2317842-0.json""' returned non-zero exit status 1"
3283,2317842,"Command 'cd C:\Users\wesso\Documents\GitHub\dem2json && node dem2json.js ""E:\CSGO Demos\unzipped\3283\2317842\grayhound-vs-tyloo-m2-cbble.dem"" > ""E:\CSGO Demos\json\3283\2317842\2317842-1.json""' returned non-zero exit status 1"
3283,2317842,"Command 'cd C:\Users\wesso\Documents\GitHub\dem2json && node dem2json.js ""E:\CSGO Demos\unzipped\3283\2317842\grayhound-vs-tyloo-m3-inferno.dem"" > ""E:\CSGO Demos\json\3283\2317842\2317842-2.json""' returned non-zero exit status 1"
3283,2317843,"Command 'cd C:\Users\wesso\Documents\GitHub\dem2json && node dem2json.js ""E:\CSGO Demos\unzipped\3283\2317843\tyloo-vs-gambit-m1-overpass.dem"" > ""E:\CSGO Demos\json\3283\2317843\2317843-0.json""' returned non-zero exit status 1"
3283,2317843,"Command 'cd C:\Users\wesso\Documents\GitHub\dem2json && node dem2json.js ""E:\CSGO Demos\unzipped\3283\2317843\tyloo-vs-gambit-m2-inferno.dem"" > ""E:\CSGO Demos\json\3283\2317843\2317843-1.json""' returned non-zero exit status 1"
3283,2317843,"Command 'cd C:\Users\wesso\Documents\GitHub\dem2json && node dem2json.js ""E:\CSGO Demos\unzipped\3283\2317843\tyloo-vs-gambit-m3-train.dem"" > ""E:\CSGO Demos\json\3283\2317843\2317843-2.json""' returned non-zero exit status 1"
3283,2317949,"Command 'cd C:\Users\wesso\Documents\GitHub\dem2json && node dem2json.js ""E:\CSGO Demos\unzipped\3283\2317949\gambit-vs-splyce-mirage.dem"" > ""E:\CSGO Demos\json\3283\2317949\2317949-0.json""' returned non-zero exit status 1"
3283,2317950,"Command 'cd C:\Users\wesso\Documents\GitHub\dem2json && node dem2json.js ""E:\CSGO Demos\unzipped\3283\2317950\tyloo-vs-vega-squadron-mirage.dem"" > ""E:\CSGO Demos\json\3283\2317950\2317950-0.json""' returned non-zero exit status 1"
3313,2317935,"Command 'cd C:\Users\wessonmo\Documents\GitHub\dem2json && node dem2json.js ""E:\CSGO Demos\unzipped\3313\2317935\fnatic-vs-luminosity-cbble.dem"" > ""E:\CSGO Demos\json\3313\2317935\2317935-0.json""' returned non-zero exit status 1"
3313,2317936,"Command 'cd C:\Users\wessonmo\Documents\GitHub\dem2json && node dem2json.js ""E:\CSGO Demos\unzipped\3313\2317936\optic-vs-mousesports-mirage.dem"" > ""E:\CSGO Demos\json\3313\2317936\2317936-0.json""' returned non-zero exit status 1"
3313,2317937,"Command 'cd C:\Users\wessonmo\Documents\GitHub\dem2json && node dem2json.js ""E:\CSGO Demos\unzipped\3313\2317937\fnatic-vs-optic-cbble.dem"" > ""E:\CSGO Demos\json\3313\2317937\2317937-0.json""' returned non-zero exit status 1"
3313,2317938,"Command 'cd C:\Users\wessonmo\Documents\GitHub\dem2json && node dem2json.js ""E:\CSGO Demos\unzipped\3313\2317938\cloud9-vs-astralis-train.dem"" > ""E:\CSGO Demos\json\3313\2317938\2317938-0.json""' returned non-zero exit status 1"
3313,2317939,"Command 'cd C:\Users\wessonmo\Documents\GitHub\dem2json && node dem2json.js ""E:\CSGO Demos\unzipped\3313\2317939\faze-vs-liquid-mirage.dem"" > ""E:\CSGO Demos\json\3313\2317939\2317939-0.json""' returned non-zero exit status 1"
3313,2317940,"Command 'cd C:\Users\wessonmo\Documents\GitHub\dem2json && node dem2json.js ""E:\CSGO Demos\unzipped\3313\2317940\astralis-vs-faze-overpass.dem"" > ""E:\CSGO Demos\json\3313\2317940\2317940-0.json""' returned non-zero exit status 1"
3313,2317941,"Command 'cd C:\Users\wessonmo\Documents\GitHub\dem2json && node dem2json.js ""E:\CSGO Demos\unzipped\3313\2317941\luminosity-vs-mousesports-m1-train-p2.dem"" > ""E:\CSGO Demos\json\3313\2317941\2317941-0.json""' returned non-zero exit status 1"
3313,2317941,"Command 'cd C:\Users\wessonmo\Documents\GitHub\dem2json && node dem2json.js ""E:\CSGO Demos\unzipped\3313\2317941\luminosity-vs-mousesports-m2-nuke.dem"" > ""E:\CSGO Demos\json\3313\2317941\2317941-1.json""' returned non-zero exit status 1"
3313,2317942,"Command 'cd C:\Users\wessonmo\Documents\GitHub\dem2json && node dem2json.js ""E:\CSGO Demos\unzipped\3313\2317942\cloud9-vs-liquid-m1-mirage.dem"" > ""E:\CSGO Demos\json\3313\2317942\2317942-0.json""' returned non-zero exit status 1"
3313,2317942,"Command 'cd C:\Users\wessonmo\Documents\GitHub\dem2json && node dem2json.js ""E:\CSGO Demos\unzipped\3313\2317942\cloud9-vs-liquid-m2-inferno.dem"" > ""E:\CSGO Demos\json\3313\2317942\2317942-1.json""' returned non-zero exit status 1"
3313,2317943,"Command 'cd C:\Users\wessonmo\Documents\GitHub\dem2json && node dem2json.js ""E:\CSGO Demos\unzipped\3313\2317943\optic-vs-mousesports-m1-nuke.dem"" > ""E:\CSGO Demos\json\3313\2317943\2317943-0.json""' returned non-zero exit status 1"
3313,2317943,"Command 'cd C:\Users\wessonmo\Documents\GitHub\dem2json && node dem2json.js ""E:\CSGO Demos\unzipped\3313\2317943\optic-vs-mousesports-m2-train.dem"" > ""E:\CSGO Demos\json\3313\2317943\2317943-1.json""' returned non-zero exit status 1"
3313,2317944,"Command 'cd C:\Users\wessonmo\Documents\GitHub\dem2json && node dem2json.js ""E:\CSGO Demos\unzipped\3313\2317944\faze-vs-cloud9-m1-mirage.dem"" > ""E:\CSGO Demos\json\3313\2317944\2317944-0.json""' returned non-zero exit status 1"
3313,2317944,"Command 'cd C:\Users\wessonmo\Documents\GitHub\dem2json && node dem2json.js ""E:\CSGO Demos\unzipped\3313\2317944\faze-vs-cloud9-m2-overpass.dem"" > ""E:\CSGO Demos\json\3313\2317944\2317944-1.json""' returned non-zero exit status 1"
3313,2317945,"Command 'cd C:\Users\wessonmo\Documents\GitHub\dem2json && node dem2json.js ""E:\CSGO Demos\unzipped\3313\2317945\astralis-vs-mousesports-m1-train.dem"" > ""E:\CSGO Demos\json\3313\2317945\2317945-0.json""' returned non-zero exit status 1"
3313,2317945,"Command 'cd C:\Users\wessonmo\Documents\GitHub\dem2json && node dem2json.js ""E:\CSGO Demos\unzipped\3313\2317945\astralis-vs-mousesports-m2-inferno.dem"" > ""E:\CSGO Demos\json\3313\2317945\2317945-1.json""' returned non-zero exit status 1"
3313,2317945,"Command 'cd C:\Users\wessonmo\Documents\GitHub\dem2json && node dem2json.js ""E:\CSGO Demos\unzipped\3313\2317945\astralis-vs-mousesports-m3-nuke.dem"" > ""E:\CSGO Demos\json\3313\2317945\2317945-2.json""' returned non-zero exit status 1"
3313,2317946,"Command 'cd C:\Users\wessonmo\Documents\GitHub\dem2json && node dem2json.js ""E:\CSGO Demos\unzipped\3313\2317946\fnatic-vs-faze-m1-overpass.dem"" > ""E:\CSGO Demos\json\3313\2317946\2317946-0.json""' returned non-zero exit status 1"
3313,2317946,"Command 'cd C:\Users\wessonmo\Documents\GitHub\dem2json && node dem2json.js ""E:\CSGO Demos\unzipped\3313\2317946\fnatic-vs-faze-m2-train.dem"" > ""E:\CSGO Demos\json\3313\2317946\2317946-1.json""' returned non-zero exit status 1"
3313,2317947,"Command 'cd C:\Users\wessonmo\Documents\GitHub\dem2json && node dem2json.js ""E:\CSGO Demos\unzipped\3313\2317947\mousesports-vs-faze-m1-nuke.dem"" > ""E:\CSGO Demos\json\3313\2317947\2317947-0.json""' returned non-zero exit status 1"
3313,2317947,"Command 'cd C:\Users\wessonmo\Documents\GitHub\dem2json && node dem2json.js ""E:\CSGO Demos\unzipped\3313\2317947\mousesports-vs-faze-m2-inferno.dem"" > ""E:\CSGO Demos\json\3313\2317947\2317947-1.json""' returned non-zero exit status 1"
3313,2317947,"Command 'cd C:\Users\wessonmo\Documents\GitHub\dem2json && node dem2json.js ""E:\CSGO Demos\unzipped\3313\2317947\mousesports-vs-faze-m3-mirage.dem"" > ""E:\CSGO Demos\json\3313\2317947\2317947-2.json""' returned non-zero exit status 1"
